"","Package","LibPath","Version","Priority","Depends","Imports","LinkingTo","Suggests","Enhances","License","License_is_FOSS","License_restricts_use","OS_type","MD5sum","NeedsCompilation","Built"
"abind","abind","/home/v-mahughes/r_pkg_tutorial","1.4-5",NA,"R (>= 1.5.0)","methods, utils",NA,NA,NA,"LGPL (>= 2)",NA,NA,NA,NA,"no","4.2.3"
"AnnotationDbi","AnnotationDbi","/home/v-mahughes/r_pkg_tutorial","1.60.2",NA,"R (>= 2.7.0), methods, utils, stats4, BiocGenerics (>=
0.29.2), Biobase (>= 1.17.0), IRanges","DBI, RSQLite, S4Vectors (>= 0.9.25), stats, KEGGREST",NA,"hgu95av2.db, GO.db, org.Sc.sgd.db, org.At.tair.db, RUnit,
TxDb.Hsapiens.UCSC.hg19.knownGene, org.Hs.eg.db, reactome.db,
AnnotationForge, graph, EnsDb.Hsapiens.v75, BiocStyle, knitr",NA,"Artistic-2.0",NA,NA,NA,NA,"no","4.2.3"
"ape","ape","/home/v-mahughes/r_pkg_tutorial","5.7-1",NA,"R (>= 3.2.0)","nlme, lattice, graphics, methods, stats, utils, parallel, Rcpp
(>= 0.12.0), digest","Rcpp","gee, expm, igraph, phangorn",NA,"GPL-2 | GPL-3",NA,NA,NA,NA,"yes","4.2.3"
"aplot","aplot","/home/v-mahughes/r_pkg_tutorial","0.2.2",NA,"R (>= 4.1.0)","ggfun (>= 0.1.3), ggplot2, ggplotify, patchwork, magrittr,
methods, utils",NA,"ggtree",NA,"Artistic-2.0",NA,NA,NA,NA,"no","4.2.3"
"askpass","askpass","/home/v-mahughes/r_pkg_tutorial","1.2.0",NA,NA,"sys (>= 2.1)",NA,"testthat",NA,"MIT + file LICENSE",NA,NA,NA,NA,"yes","4.2.3"
"assertthat","assertthat","/home/v-mahughes/r_pkg_tutorial","0.2.1",NA,NA,"tools",NA,"testthat, covr",NA,"GPL-3",NA,NA,NA,NA,"no","4.2.3"
"backports","backports","/home/v-mahughes/r_pkg_tutorial","1.4.1",NA,"R (>= 3.0.0)",NA,NA,NA,NA,"GPL-2 | GPL-3",NA,NA,NA,NA,"yes","4.2.3"
"base64enc","base64enc","/home/v-mahughes/r_pkg_tutorial","0.1-3",NA,"R (>= 2.9.0)",NA,NA,NA,"png","GPL-2 | GPL-3",NA,NA,NA,NA,"yes","4.2.3"
"beeswarm","beeswarm","/home/v-mahughes/r_pkg_tutorial","0.4.0",NA,NA,"stats, graphics, grDevices, utils",NA,NA,NA,"Artistic-2.0",NA,NA,NA,NA,"yes","4.2.3"
"bench","bench","/home/v-mahughes/r_pkg_tutorial","1.1.3",NA,"R (>= 3.5.0)","glue (>= 1.6.2), methods, pillar (>= 1.9.0), profmem (>=
0.6.0), rlang (>= 0.2.0), stats, tibble (>= 3.2.1), utils",NA,"covr, dplyr, forcats, ggbeeswarm, ggplot2, ggridges,
parallel, scales, testthat (>= 3.1.8), tidyr (>= 0.8.1), vctrs,
withr",NA,"MIT + file LICENSE",NA,NA,NA,NA,"yes","4.2.3"
"BH","BH","/home/v-mahughes/r_pkg_tutorial","1.84.0-0",NA,NA,NA,NA,NA,NA,"BSL-1.0",NA,NA,NA,NA,"no","4.2.3"
"bigD","bigD","/home/v-mahughes/r_pkg_tutorial","0.2.0",NA,"R (>= 3.2.0)",NA,NA,"covr, testthat (>= 3.0.0)",NA,"MIT + file LICENSE",NA,NA,NA,NA,"no","4.2.3"
"Biobase","Biobase","/home/v-mahughes/r_pkg_tutorial","2.58.0",NA,"R (>= 2.10), BiocGenerics (>= 0.27.1), utils","methods",NA,"tools, tkWidgets, ALL, RUnit, golubEsets, BiocStyle, knitr",NA,"Artistic-2.0",NA,NA,NA,NA,"yes","4.2.3"
"BiocGenerics","BiocGenerics","/home/v-mahughes/r_pkg_tutorial","0.44.0",NA,"R (>= 4.0.0), methods, utils, graphics, stats","methods, utils, graphics, stats",NA,"Biobase, S4Vectors, IRanges, GenomicRanges, DelayedArray,
Biostrings, Rsamtools, AnnotationDbi, affy, affyPLM, DESeq2,
flowClust, MSnbase, annotate, RUnit",NA,"Artistic-2.0",NA,NA,NA,NA,"no","4.2.3"
"BiocManager","BiocManager","/home/v-mahughes/r_pkg_tutorial","1.30.22",NA,NA,"utils",NA,"BiocVersion, remotes, rmarkdown, testthat, withr, curl, knitr",NA,"Artistic-2.0",NA,NA,NA,NA,"no","4.2.3"
"BiocParallel","BiocParallel","/home/v-mahughes/r_pkg_tutorial","1.32.6",NA,"methods, R (>= 3.5.0)","stats, utils, futile.logger, parallel, snow, codetools","BH, cpp11","BiocGenerics, tools, foreach, BatchJobs, BBmisc, doParallel,
Rmpi, GenomicRanges, RNAseqData.HNRNPC.bam.chr14,
TxDb.Hsapiens.UCSC.hg19.knownGene, VariantAnnotation,
Rsamtools, GenomicAlignments, ShortRead, RUnit, BiocStyle,
knitr, batchtools, data.table",NA,"GPL-2 | GPL-3",NA,NA,NA,NA,"yes","4.2.3"
"BiocVersion","BiocVersion","/home/v-mahughes/r_pkg_tutorial","3.16.0",NA,"R (>= 4.2.0)",NA,NA,NA,NA,"Artistic-2.0",NA,NA,NA,NA,"no","4.2.3"
"Biostrings","Biostrings","/home/v-mahughes/r_pkg_tutorial","2.66.0",NA,"R (>= 4.0.0), methods, BiocGenerics (>= 0.37.0), S4Vectors (>=
0.27.12), IRanges (>= 2.31.2), XVector (>= 0.37.1),
GenomeInfoDb","methods, utils, grDevices, graphics, stats, crayon","S4Vectors, IRanges, XVector","BSgenome (>= 1.13.14), BSgenome.Celegans.UCSC.ce2 (>=
1.3.11), BSgenome.Dmelanogaster.UCSC.dm3 (>= 1.3.11),
BSgenome.Hsapiens.UCSC.hg18, drosophila2probe, hgu95av2probe,
hgu133aprobe, GenomicFeatures (>= 1.3.14), hgu95av2cdf, affy
(>= 1.41.3), affydata (>= 1.11.5), RUnit","Rmpi","Artistic-2.0",NA,NA,NA,NA,"yes","4.2.3"
"bit","bit","/home/v-mahughes/r_pkg_tutorial","4.0.5",NA,"R (>= 2.9.2)",NA,NA,"testthat (>= 0.11.0), roxygen2, knitr, rmarkdown,
microbenchmark, bit64 (>= 4.0.0), ff (>= 4.0.0)",NA,"GPL-2 | GPL-3",NA,NA,NA,NA,"yes","4.2.3"
"bit64","bit64","/home/v-mahughes/r_pkg_tutorial","4.0.5",NA,"R (>= 3.0.1), bit (>= 4.0.0), utils, methods, stats",NA,NA,NA,NA,"GPL-2 | GPL-3",NA,NA,NA,NA,"yes","4.2.3"
"bitops","bitops","/home/v-mahughes/r_pkg_tutorial","1.0-7",NA,NA,NA,NA,NA,NA,"GPL (>= 2)",NA,NA,NA,NA,"yes","4.2.3"
"blob","blob","/home/v-mahughes/r_pkg_tutorial","1.2.4",NA,NA,"methods, rlang, vctrs (>= 0.2.1)",NA,"covr, crayon, pillar (>= 1.2.1), testthat",NA,"MIT + file LICENSE",NA,NA,NA,NA,"no","4.2.3"
"brew","brew","/home/v-mahughes/r_pkg_tutorial","1.0-10",NA,NA,NA,NA,"testthat (>= 3.0.0)",NA,"GPL (>= 2)",NA,NA,NA,NA,"no","4.2.3"
"brio","brio","/home/v-mahughes/r_pkg_tutorial","1.1.4",NA,"R (>= 3.6)",NA,NA,"covr, testthat (>= 3.0.0)",NA,"MIT + file LICENSE",NA,NA,NA,NA,"yes","4.2.3"
"broom","broom","/home/v-mahughes/r_pkg_tutorial","1.0.5",NA,"R (>= 3.5)","backports, dplyr (>= 1.0.0), ellipsis, generics (>= 0.0.2),
glue, lifecycle, purrr, rlang, stringr, tibble (>= 3.0.0),
tidyr (>= 1.0.0)",NA,"AER, AUC, bbmle, betareg, biglm, binGroup, boot, btergm (>=
1.10.6), car, carData, caret, cluster, cmprsk, coda, covr, drc,
e1071, emmeans, epiR, ergm (>= 3.10.4), fixest (>= 0.9.0), gam
(>= 1.15), gee, geepack, ggplot2, glmnet, glmnetUtils, gmm,
Hmisc, irlba, interp, joineRML, Kendall, knitr, ks, Lahman,
lavaan, leaps, lfe, lm.beta, lme4, lmodel2, lmtest (>= 0.9.38),
lsmeans, maps, margins, MASS, mclust, mediation, metafor, mfx,
mgcv, mlogit, modeldata, modeltests, muhaz, multcomp, network,
nnet, orcutt (>= 2.2), ordinal, plm, poLCA, psych, quantreg,
rmarkdown, robust, robustbase, rsample, sandwich, sp, spdep (>=
1.1), spatialreg, speedglm, spelling, survey, survival,
systemfit, testthat (>= 2.1.0), tseries, vars, zoo",NA,"MIT + file LICENSE",NA,NA,NA,NA,"no","4.2.3"
"bslib","bslib","/home/v-mahughes/r_pkg_tutorial","0.6.1",NA,"R (>= 2.10)","base64enc, cachem, grDevices, htmltools (>= 0.5.7), jquerylib
(>= 0.1.3), jsonlite, lifecycle, memoise (>= 2.0.1), mime,
rlang, sass (>= 0.4.0)",NA,"bsicons, curl, fontawesome, ggplot2, knitr, magrittr,
rappdirs, rmarkdown (>= 2.7), shiny (>= 1.8.0), testthat,
thematic, withr",NA,"MIT + file LICENSE",NA,NA,NA,NA,"no","4.2.3"
"cachem","cachem","/home/v-mahughes/r_pkg_tutorial","1.0.8",NA,NA,"rlang, fastmap (>= 1.1.1)",NA,"testthat",NA,"MIT + file LICENSE",NA,NA,NA,NA,"yes","4.2.3"
"callr","callr","/home/v-mahughes/r_pkg_tutorial","3.7.3",NA,"R (>= 3.4)","processx (>= 3.6.1), R6, utils",NA,"asciicast, cli (>= 1.1.0), covr, mockery, ps, rprojroot,
spelling, testthat (>= 3.0.0), withr (>= 2.3.0)",NA,"MIT + file LICENSE",NA,NA,NA,NA,"no","4.2.3"
"caTools","caTools","/home/v-mahughes/r_pkg_tutorial","1.18.2",NA,"R (>= 3.6.0)","bitops",NA,"MASS, rpart",NA,"GPL-3",NA,NA,NA,NA,"yes","4.2.3"
"cellranger","cellranger","/home/v-mahughes/r_pkg_tutorial","1.1.0",NA,"R (>= 3.0.0)","rematch, tibble",NA,"covr, testthat (>= 1.0.0), knitr, rmarkdown",NA,"MIT + file LICENSE",NA,NA,NA,NA,"no","4.2.3"
"checkmate","checkmate","/home/v-mahughes/r_pkg_tutorial","2.3.1",NA,"R (>= 3.0.0)","backports (>= 1.1.0), utils",NA,"R6, fastmatch, data.table (>= 1.9.8), devtools, ggplot2,
knitr, magrittr, microbenchmark, rmarkdown, testthat (>=
3.0.4), tinytest (>= 1.1.0), tibble",NA,"BSD_3_clause + file LICENSE",NA,NA,NA,NA,"yes","4.2.3"
"circlize","circlize","/home/v-mahughes/r_pkg_tutorial","0.4.15",NA,"R (>= 3.0.0), graphics","GlobalOptions (>= 0.1.2), shape, grDevices, utils, stats,
colorspace, methods, grid",NA,"knitr, dendextend (>= 1.0.1), ComplexHeatmap (>= 2.0.0),
gridBase, png, markdown, bezier, covr, rmarkdown",NA,"MIT + file LICENSE",NA,NA,NA,NA,"no","4.2.3"
"classInt","classInt","/home/v-mahughes/r_pkg_tutorial","0.4-10",NA,"R (>= 2.2)","grDevices, stats, graphics, e1071, class, KernSmooth",NA,"spData (>= 0.2.6.2), units, knitr, rmarkdown, tinytest",NA,"GPL (>= 2)",NA,NA,NA,NA,"yes","4.2.3"
"cli","cli","/home/v-mahughes/r_pkg_tutorial","3.6.2",NA,"R (>= 3.4)","utils",NA,"callr, covr, crayon, digest, glue (>= 1.6.0), grDevices,
htmltools, htmlwidgets, knitr, methods, mockery, processx, ps
(>= 1.3.4.9000), rlang (>= 1.0.2.9003), rmarkdown, rprojroot,
rstudioapi, testthat, tibble, whoami, withr",NA,"MIT + file LICENSE",NA,NA,NA,NA,"yes","4.2.3"
"clipr","clipr","/home/v-mahughes/r_pkg_tutorial","0.8.0",NA,NA,"utils",NA,"covr, knitr, rmarkdown, rstudioapi (>= 0.5), testthat (>=
2.0.0)",NA,"GPL-3",NA,NA,NA,NA,"no","4.2.3"
"clisymbols","clisymbols","/home/v-mahughes/r_pkg_tutorial","1.2.0",NA,NA,NA,NA,"testthat",NA,"MIT + file LICENSE",NA,NA,NA,NA,"no","4.2.3"
"clue","clue","/home/v-mahughes/r_pkg_tutorial","0.3-65",NA,"R (>= 3.2.0)","stats, cluster, graphics, methods",NA,"e1071, lpSolve (>= 5.5.7), quadprog (>= 1.4-8), relations","RWeka, ape, cba, cclust, flexclust, flexmix, kernlab, mclust,
movMF, modeltools","GPL-2",NA,NA,NA,NA,"yes","4.2.3"
"clusterProfiler","clusterProfiler","/home/v-mahughes/r_pkg_tutorial","4.6.2",NA,"R (>= 3.5.0)","AnnotationDbi, downloader, DOSE (>= 3.23.2), dplyr, enrichplot
(>= 1.9.3), GO.db, GOSemSim, gson (>= 0.0.7), magrittr,
methods, plyr, qvalue, rlang, stats, tidyr, utils, yulab.utils",NA,"AnnotationHub, knitr, rmarkdown, org.Hs.eg.db, prettydoc,
ReactomePA, testthat",NA,"Artistic-2.0",NA,NA,NA,NA,"no","4.2.3"
"colorspace","colorspace","/home/v-mahughes/r_pkg_tutorial","2.1-0",NA,"R (>= 3.0.0), methods","graphics, grDevices, stats",NA,"datasets, utils, KernSmooth, MASS, kernlab, mvtnorm, vcd,
tcltk, shiny, shinyjs, ggplot2, dplyr, scales, grid, png, jpeg,
knitr, rmarkdown, RColorBrewer, rcartocolor, scico, viridis,
wesanderson",NA,"BSD_3_clause + file LICENSE",NA,NA,NA,NA,"yes","4.2.3"
"commonmark","commonmark","/home/v-mahughes/r_pkg_tutorial","1.9.1",NA,NA,NA,NA,"curl, testthat, xml2",NA,"BSD_2_clause + file LICENSE",NA,NA,NA,NA,"yes","4.2.3"
"ComplexHeatmap","ComplexHeatmap","/home/v-mahughes/r_pkg_tutorial","2.14.0",NA,"R (>= 3.5.0), methods, grid, graphics, stats, grDevices","circlize (>= 0.4.14), GetoptLong, colorspace, clue,
RColorBrewer, GlobalOptions (>= 0.1.0), png, digest, IRanges,
matrixStats, foreach, doParallel, codetools",NA,"testthat (>= 1.0.0), knitr, markdown, dendsort, jpeg, tiff,
fastcluster, EnrichedHeatmap, dendextend (>= 1.0.1), grImport,
grImport2, glue, GenomicRanges, gridtext, pheatmap (>= 1.0.12),
gridGraphics, gplots, rmarkdown, Cairo",NA,"MIT + file LICENSE",NA,NA,NA,NA,"no","4.2.3"
"conflicted","conflicted","/home/v-mahughes/r_pkg_tutorial","1.2.0",NA,"R (>= 3.2)","cli (>= 3.4.0), memoise, rlang (>= 1.0.0)",NA,"callr, covr, dplyr, Matrix, methods, pkgload, testthat (>=
3.0.0), withr",NA,"MIT + file LICENSE",NA,NA,NA,NA,"no","4.2.3"
"covr","covr","/home/v-mahughes/r_pkg_tutorial","3.6.4",NA,"R (>= 3.1.0), methods","digest, stats, utils, jsonlite, rex, httr, crayon, withr (>=
1.0.2), yaml",NA,"R6, curl, knitr, rmarkdown, htmltools, DT (>= 0.2), testthat,
rlang, rstudioapi (>= 0.2), xml2 (>= 1.0.0), parallel, memoise,
mockery, covr",NA,"MIT + file LICENSE",NA,NA,NA,NA,"yes","4.2.3"
"cowplot","cowplot","/home/v-mahughes/r_pkg_tutorial","1.1.3",NA,"R (>= 3.5.0)","ggplot2 (>= 3.4.0), grid, gtable, grDevices, methods, rlang,
scales",NA,"Cairo, covr, dplyr, forcats, gridGraphics (>= 0.4-0), knitr,
lattice, magick, maps, PASWR, patchwork, rmarkdown, ragg,
testthat (>= 1.0.0), tidyr, vdiffr (>= 0.3.0), VennDiagram",NA,"GPL-2",NA,NA,NA,NA,"no","4.2.3"
"cpp11","cpp11","/home/v-mahughes/r_pkg_tutorial","0.4.7",NA,"R (>= 3.5.0)",NA,NA,"bench, brio, callr, cli, covr, decor, desc, ggplot2, glue,
knitr, lobstr, mockery, progress, rmarkdown, scales, Rcpp,
testthat (>= 3.2.0), tibble, utils, vctrs, withr",NA,"MIT + file LICENSE",NA,NA,NA,NA,"no","4.2.3"
"crayon","crayon","/home/v-mahughes/r_pkg_tutorial","1.5.2",NA,NA,"grDevices, methods, utils",NA,"mockery, rstudioapi, testthat, withr",NA,"MIT + file LICENSE",NA,NA,NA,NA,"no","4.2.3"
"credentials","credentials","/home/v-mahughes/r_pkg_tutorial","2.0.1",NA,NA,"openssl (>= 1.3), sys (>= 2.1), curl, jsonlite, askpass",NA,"testthat, knitr, rmarkdown",NA,"MIT + file LICENSE",NA,NA,NA,NA,"no","4.2.3"
"crosstalk","crosstalk","/home/v-mahughes/r_pkg_tutorial","1.2.1",NA,NA,"htmltools (>= 0.3.6), jsonlite, lazyeval, R6",NA,"shiny, ggplot2, testthat (>= 2.1.0), sass, bslib",NA,"MIT + file LICENSE",NA,NA,NA,NA,"no","4.2.3"
"curl","curl","/home/v-mahughes/r_pkg_tutorial","5.2.0",NA,"R (>= 3.0.0)",NA,NA,"spelling, testthat (>= 1.0.0), knitr, jsonlite, later,
rmarkdown, magrittr, httpuv (>= 1.4.4), webutils",NA,"MIT + file LICENSE",NA,NA,NA,NA,"yes","4.2.3"
"cyclocomp","cyclocomp","/home/v-mahughes/r_pkg_tutorial","1.1.1",NA,NA,"callr, crayon, desc, remotes, withr",NA,"testthat",NA,"MIT + file LICENSE",NA,NA,NA,NA,"no","4.2.3"
"data.table","data.table","/home/v-mahughes/r_pkg_tutorial","1.15.0",NA,"R (>= 3.1.0)","methods",NA,"bit64 (>= 4.0.0), bit (>= 4.0.4), R.utils, xts, zoo (>=
1.8-1), yaml, knitr, markdown",NA,"MPL-2.0 | file LICENSE",NA,NA,NA,NA,"yes","4.2.3"
"DBI","DBI","/home/v-mahughes/r_pkg_tutorial","1.2.1",NA,"methods, R (>= 3.0.0)",NA,NA,"arrow, blob, covr, DBItest, dbplyr, downlit, dplyr, glue,
hms, knitr, magrittr, nanoarrow (>= 0.3.0.1), RMariaDB,
rmarkdown, rprojroot, RSQLite (>= 1.1-2), testthat (>= 3.0.0),
vctrs, xml2",NA,"LGPL (>= 2.1)",NA,NA,NA,NA,"no","4.2.3"
"dbplyr","dbplyr","/home/v-mahughes/r_pkg_tutorial","2.4.0",NA,"R (>= 3.6)","blob (>= 1.2.0), cli (>= 3.6.1), DBI (>= 1.1.3), dplyr (>=
1.1.2), glue (>= 1.6.2), lifecycle (>= 1.0.3), magrittr,
methods, pillar (>= 1.9.0), purrr (>= 1.0.1), R6 (>= 2.2.2),
rlang (>= 1.1.1), tibble (>= 3.2.1), tidyr (>= 1.3.0),
tidyselect (>= 1.2.0), utils, vctrs (>= 0.6.3), withr (>=
2.5.0)",NA,"bit64, covr, knitr, Lahman, nycflights13, odbc, RMariaDB (>=
1.2.2), rmarkdown, RPostgres (>= 1.4.5), RPostgreSQL, RSQLite
(>= 2.3.1), testthat (>= 3.1.10)",NA,"MIT + file LICENSE",NA,NA,NA,NA,"no","4.2.3"
"DelayedArray","DelayedArray","/home/v-mahughes/r_pkg_tutorial","0.24.0",NA,"R (>= 4.0.0), methods, stats4, Matrix, BiocGenerics (>=
0.43.4), MatrixGenerics (>= 1.1.3), S4Vectors (>= 0.27.2),
IRanges (>= 2.17.3)","stats","S4Vectors","BiocParallel, HDF5Array (>= 1.17.12), genefilter,
SummarizedExperiment, airway, lobstr, DelayedMatrixStats,
knitr, rmarkdown, BiocStyle, RUnit",NA,"Artistic-2.0",NA,NA,NA,NA,"yes","4.2.3"
"deldir","deldir","/home/v-mahughes/r_pkg_tutorial","2.0-2",NA,"R (>= 3.5.0)","graphics, grDevices",NA,"polyclip",NA,"GPL (>= 2)",NA,NA,NA,NA,"yes","4.2.3"
"DEoptimR","DEoptimR","/home/v-mahughes/r_pkg_tutorial","1.1-3",NA,NA,"stats",NA,NA,"robustbase","GPL (>= 2)",NA,NA,NA,NA,"no","4.2.3"
"desc","desc","/home/v-mahughes/r_pkg_tutorial","1.4.3",NA,"R (>= 3.4)","cli, R6, utils",NA,"callr, covr, gh, spelling, testthat, whoami, withr",NA,"MIT + file LICENSE",NA,NA,NA,NA,"no","4.2.3"
"devtools","devtools","/home/v-mahughes/r_pkg_tutorial","2.4.5",NA,"R (>= 3.0.2), usethis (>= 2.1.6)","cli (>= 3.3.0), desc (>= 1.4.1), ellipsis (>= 0.3.2), fs (>=
1.5.2), lifecycle (>= 1.0.1), memoise (>= 2.0.1), miniUI (>=
0.1.1.1), pkgbuild (>= 1.3.1), pkgdown (>= 2.0.6), pkgload (>=
1.3.0), profvis (>= 0.3.7), rcmdcheck (>= 1.4.0), remotes (>=
2.4.2), rlang (>= 1.0.4), roxygen2 (>= 7.2.1), rversions (>=
2.1.1), sessioninfo (>= 1.2.2), stats, testthat (>= 3.1.5),
tools, urlchecker (>= 1.0.1), utils, withr (>= 2.5.0)",NA,"BiocManager (>= 1.30.18), callr (>= 3.7.1), covr (>= 3.5.1),
curl (>= 4.3.2), digest (>= 0.6.29), DT (>= 0.23), foghorn (>=
1.4.2), gh (>= 1.3.0), gmailr (>= 1.0.1), httr (>= 1.4.3),
knitr (>= 1.39), lintr (>= 3.0.0), MASS, mockery (>= 0.4.3),
pingr (>= 2.0.1), rhub (>= 1.1.1), rmarkdown (>= 2.14),
rstudioapi (>= 0.13), spelling (>= 2.2)",NA,"MIT + file LICENSE",NA,NA,NA,NA,"no","4.2.3"
"dichromat","dichromat","/home/v-mahughes/r_pkg_tutorial","2.0-0.1",NA,"R (>= 2.10), stats",NA,NA,NA,NA,"GPL-2",NA,NA,NA,NA,"no","4.2.3"
"diffobj","diffobj","/home/v-mahughes/r_pkg_tutorial","0.3.5",NA,"R (>= 3.1.0)","crayon (>= 1.3.2), tools, methods, utils, stats",NA,"knitr, rmarkdown",NA,"GPL-2 | GPL-3",NA,NA,NA,NA,"yes","4.2.3"
"digest","digest","/home/v-mahughes/r_pkg_tutorial","0.6.34",NA,"R (>= 3.3.0)","utils",NA,"tinytest, simplermarkdown",NA,"GPL (>= 2)",NA,NA,NA,NA,"yes","4.2.3"
"doParallel","doParallel","/home/v-mahughes/r_pkg_tutorial","1.0.17",NA,"R (>= 2.14.0), foreach (>= 1.2.0), iterators (>= 1.0.0),
parallel, utils",NA,NA,"caret, mlbench, rpart, RUnit","compiler","GPL-2",NA,NA,NA,NA,"no","4.2.3"
"DOSE","DOSE","/home/v-mahughes/r_pkg_tutorial","3.24.2",NA,"R (>= 3.5.0)","AnnotationDbi, HDO.db, BiocParallel, fgsea, ggplot2, GOSemSim
(>= 2.23.1), methods, qvalue, reshape2, stats, utils",NA,"prettydoc, clusterProfiler, gson (>= 0.0.5), knitr,
rmarkdown, org.Hs.eg.db, testthat",NA,"Artistic-2.0",NA,NA,NA,NA,"no","4.2.3"
"dotCall64","dotCall64","/home/v-mahughes/r_pkg_tutorial","1.1-1",NA,"R (>= 3.1)",NA,NA,"microbenchmark, RhpcBLASctl, RColorBrewer, roxygen2, spam,
testthat,",NA,"GPL (>= 2)",NA,NA,NA,NA,"yes","4.2.3"
"downlit","downlit","/home/v-mahughes/r_pkg_tutorial","0.4.3",NA,"R (>= 3.4.0)","brio, desc, digest, evaluate, fansi, memoise, rlang, vctrs,
withr, yaml",NA,"covr, htmltools, jsonlite, MASS, MassSpecWavelet, pkgload,
rmarkdown, testthat (>= 3.0.0), xml2",NA,"MIT + file LICENSE",NA,NA,NA,NA,"no","4.2.3"
"downloader","downloader","/home/v-mahughes/r_pkg_tutorial","0.4",NA,NA,"utils, digest",NA,"testthat",NA,"GPL-2",NA,NA,NA,NA,"no","4.2.3"
"dplyr","dplyr","/home/v-mahughes/r_pkg_tutorial","1.1.4",NA,"R (>= 3.5.0)","cli (>= 3.4.0), generics, glue (>= 1.3.2), lifecycle (>=
1.0.3), magrittr (>= 1.5), methods, pillar (>= 1.9.0), R6,
rlang (>= 1.1.0), tibble (>= 3.2.0), tidyselect (>= 1.2.0),
utils, vctrs (>= 0.6.4)",NA,"bench, broom, callr, covr, DBI, dbplyr (>= 2.2.1), ggplot2,
knitr, Lahman, lobstr, microbenchmark, nycflights13, purrr,
rmarkdown, RMySQL, RPostgreSQL, RSQLite, stringi (>= 1.7.6),
testthat (>= 3.1.5), tidyr (>= 1.3.0), withr",NA,"MIT + file LICENSE",NA,NA,NA,NA,"yes","4.2.3"
"dqrng","dqrng","/home/v-mahughes/r_pkg_tutorial","0.3.2",NA,"R (>= 3.5.0)","Rcpp (>= 0.12.16)","Rcpp, BH (>= 1.64.0-1), sitmo (>= 2.0.0)","testthat, knitr, rmarkdown, mvtnorm (>= 1.2-3), bench, sitmo",NA,"AGPL-3 | file LICENSE",NA,NA,NA,NA,"yes","4.2.3"
"DT","DT","/home/v-mahughes/r_pkg_tutorial","0.31",NA,NA,"htmltools (>= 0.3.6), htmlwidgets (>= 1.3), httpuv, jsonlite
(>= 0.9.16), magrittr, crosstalk, jquerylib, promises",NA,"knitr (>= 1.8), rmarkdown, shiny (>= 1.6), bslib, future,
testit, tibble",NA,"GPL-3 | file LICENSE",NA,NA,NA,NA,"no","4.2.3"
"dtplyr","dtplyr","/home/v-mahughes/r_pkg_tutorial","1.3.1",NA,"R (>= 3.3)","cli (>= 3.4.0), data.table (>= 1.13.0), dplyr (>= 1.1.0),
glue, lifecycle, rlang (>= 1.0.4), tibble, tidyselect (>=
1.2.0), vctrs (>= 0.4.1)",NA,"bench, covr, knitr, rmarkdown, testthat (>= 3.1.2), tidyr (>=
1.1.0), waldo (>= 0.3.1)",NA,"MIT + file LICENSE",NA,NA,NA,NA,"no","4.2.3"
"e1071","e1071","/home/v-mahughes/r_pkg_tutorial","1.7-14",NA,NA,"graphics, grDevices, class, stats, methods, utils, proxy",NA,"cluster, mlbench, nnet, randomForest, rpart, SparseM, xtable,
Matrix, MASS, slam",NA,"GPL-2 | GPL-3",NA,NA,NA,NA,"yes","4.2.3"
"ellipsis","ellipsis","/home/v-mahughes/r_pkg_tutorial","0.3.2",NA,"R (>= 3.2)","rlang (>= 0.3.0)",NA,"covr, testthat",NA,"MIT + file LICENSE",NA,NA,NA,NA,"yes","4.2.3"
"enrichplot","enrichplot","/home/v-mahughes/r_pkg_tutorial","1.18.4",NA,"R (>= 3.5.0)","aplot (>= 0.1.4), DOSE (>= 3.16.0), ggnewscale, ggplot2,
ggraph, graphics, grid, igraph, methods, plyr, purrr,
RColorBrewer, reshape2, rlang, stats, utils, scatterpie,
shadowtext, GOSemSim, magrittr, ggtree, yulab.utils (>= 0.0.4)",NA,"clusterProfiler, dplyr, europepmc, ggupset, knitr, rmarkdown,
org.Hs.eg.db, prettydoc, tibble, tidyr, ggforce, AnnotationDbi,
ggplotify, ggridges, grDevices, gridExtra, ggrepel (>= 0.9.0),
ggstar, treeio, scales, tidytree, ggtreeExtra, tidydr",NA,"Artistic-2.0",NA,NA,NA,NA,"no","4.2.3"
"enrichR","enrichR","/home/v-mahughes/r_pkg_tutorial","3.2",NA,"R (>= 3.0.0)","httr, curl, rjson, ggplot2, WriteXLS",NA,"knitr, rmarkdown",NA,"GPL (>= 2)",NA,NA,NA,NA,"no","4.2.3"
"evaluate","evaluate","/home/v-mahughes/r_pkg_tutorial","0.23",NA,"R (>= 3.0.2)","methods",NA,"covr, ggplot2, lattice, rlang, testthat (>= 3.0.0), withr",NA,"MIT + file LICENSE",NA,NA,NA,NA,"no","4.2.3"
"fansi","fansi","/home/v-mahughes/r_pkg_tutorial","1.0.6",NA,"R (>= 3.1.0)","grDevices, utils",NA,"unitizer, knitr, rmarkdown",NA,"GPL-2 | GPL-3",NA,NA,NA,NA,"yes","4.2.3"
"farver","farver","/home/v-mahughes/r_pkg_tutorial","2.1.1",NA,NA,NA,NA,"covr, testthat (>= 3.0.0)",NA,"MIT + file LICENSE",NA,NA,NA,NA,"yes","4.2.3"
"fastDummies","fastDummies","/home/v-mahughes/r_pkg_tutorial","1.7.3",NA,"R (>= 2.10)","data.table, tibble, stringr",NA,"testthat (>= 2.1.0), knitr, rmarkdown, covr, spelling",NA,"MIT + file LICENSE",NA,NA,NA,NA,"no","4.2.3"
"fastmap","fastmap","/home/v-mahughes/r_pkg_tutorial","1.1.1",NA,NA,NA,NA,"testthat (>= 2.1.1)",NA,"MIT + file LICENSE",NA,NA,NA,NA,"yes","4.2.3"
"fastmatch","fastmatch","/home/v-mahughes/r_pkg_tutorial","1.1-4",NA,"R (>= 2.3.0)",NA,NA,NA,NA,"GPL-2",NA,NA,NA,NA,"yes","4.2.3"
"feather","feather","/home/v-mahughes/r_pkg_tutorial","0.3.5",NA,NA,"Rcpp, tibble (>= 2.0.0), hms","Rcpp","testthat",NA,"Apache License 2.0",NA,NA,NA,NA,"yes","4.2.3"
"fgsea","fgsea","/home/v-mahughes/r_pkg_tutorial","1.24.0",NA,"R (>= 3.3)","Rcpp, data.table, BiocParallel, stats, ggplot2 (>= 2.2.0),
cowplot, grid, fastmatch, Matrix, utils","Rcpp, BH","testthat, knitr, rmarkdown, reactome.db, AnnotationDbi,
parallel, org.Mm.eg.db, limma, GEOquery, msigdbr, aggregation",NA,"MIT + file LICENCE",NA,NA,NA,NA,"yes","4.2.3"
"fitdistrplus","fitdistrplus","/home/v-mahughes/r_pkg_tutorial","1.1-11",NA,"R (>= 3.5.0), MASS, grDevices, survival, methods","stats",NA,"actuar, rgenoud, mc2d, gamlss.dist, knitr, ggplot2,
GeneralizedHyperbolic, rmarkdown, Hmisc, bookdown",NA,"GPL (>= 2)",NA,NA,NA,NA,"no","4.2.3"
"FNN","FNN","/home/v-mahughes/r_pkg_tutorial","1.1.4",NA,"R (>= 4.0.0)",NA,NA,"chemometrics, mvtnorm",NA,"GPL (>= 2)",NA,NA,NA,NA,"yes","4.2.3"
"foghorn","foghorn","/home/v-mahughes/r_pkg_tutorial","1.5.2",NA,"R (>= 3.1.0)","clisymbols (>= 1.0.0), crayon (>= 1.3.2), curl (>= 2.2), httr2
(>= 0.2.1), rlang (>= 0.4.3), rvest (>= 0.3.2), tibble (>=
1.2), xml2 (>= 1.0.0)",NA,"covr, dplyr, knitr, progress, rmarkdown, testthat",NA,"MIT + file LICENSE",NA,NA,NA,NA,"no","4.2.3"
"fontawesome","fontawesome","/home/v-mahughes/r_pkg_tutorial","0.5.2",NA,"R (>= 3.3.0)","rlang (>= 1.0.6), htmltools (>= 0.5.1.1)",NA,"covr, dplyr (>= 1.0.8), knitr (>= 1.31), testthat (>= 3.0.0),
rsvg",NA,"MIT + file LICENSE",NA,NA,NA,NA,"no","4.2.3"
"forcats","forcats","/home/v-mahughes/r_pkg_tutorial","1.0.0",NA,"R (>= 3.4)","cli (>= 3.4.0), glue, lifecycle, magrittr, rlang (>= 1.0.0),
tibble",NA,"covr, dplyr, ggplot2, knitr, readr, rmarkdown, testthat (>=
3.0.0), withr",NA,"MIT + file LICENSE",NA,NA,NA,NA,"no","4.2.3"
"foreach","foreach","/home/v-mahughes/r_pkg_tutorial","1.5.2",NA,"R (>= 2.5.0)","codetools, utils, iterators",NA,"randomForest, doMC, doParallel, testthat, knitr, rmarkdown",NA,"Apache License (== 2.0)",NA,NA,NA,NA,"no","4.2.3"
"formatR","formatR","/home/v-mahughes/r_pkg_tutorial","1.14",NA,"R (>= 3.2.3)",NA,NA,"rstudioapi, shiny, testit, rmarkdown, knitr",NA,"GPL",NA,NA,NA,NA,"no","4.2.3"
"Formula","Formula","/home/v-mahughes/r_pkg_tutorial","1.2-5",NA,"R (>= 2.0.0), stats",NA,NA,NA,NA,"GPL-2 | GPL-3",NA,NA,NA,NA,"no","4.2.3"
"fs","fs","/home/v-mahughes/r_pkg_tutorial","1.6.3",NA,"R (>= 3.4)","methods",NA,"covr, crayon, knitr, pillar (>= 1.0.0), rmarkdown, spelling,
testthat (>= 3.0.0), tibble (>= 1.1.0), vctrs (>= 0.3.0), withr",NA,"MIT + file LICENSE",NA,NA,NA,NA,"yes","4.2.3"
"futile.logger","futile.logger","/home/v-mahughes/r_pkg_tutorial","1.4.3",NA,"R (>= 3.0.0)","utils, lambda.r (>= 1.1.0), futile.options",NA,"testthat, jsonlite",NA,"LGPL-3",NA,NA,NA,NA,"no","4.2.3"
"futile.options","futile.options","/home/v-mahughes/r_pkg_tutorial","1.0.1",NA,"R (>= 2.8.0)",NA,NA,NA,NA,"LGPL-3",NA,NA,NA,NA,"no","4.2.3"
"future","future","/home/v-mahughes/r_pkg_tutorial","1.33.1",NA,NA,"digest, globals (>= 0.16.1), listenv (>= 0.8.0), parallel,
parallelly (>= 1.34.0), utils",NA,"methods, RhpcBLASctl, R.rsp, markdown",NA,"LGPL (>= 2.1)",NA,NA,NA,NA,"no","4.2.3"
"future.apply","future.apply","/home/v-mahughes/r_pkg_tutorial","1.11.1",NA,"R (>= 3.2.0), future (>= 1.28.0)","globals (>= 0.16.1), parallel, utils",NA,"datasets, stats, tools, listenv (>= 0.8.0), R.rsp, markdown",NA,"GPL (>= 2)",NA,NA,NA,NA,"no","4.2.3"
"gargle","gargle","/home/v-mahughes/r_pkg_tutorial","1.5.2",NA,"R (>= 3.6)","cli (>= 3.0.1), fs (>= 1.3.1), glue (>= 1.3.0), httr (>=
1.4.5), jsonlite, lifecycle, openssl, rappdirs, rlang (>=
1.1.0), stats, utils, withr",NA,"aws.ec2metadata, aws.signature, covr, httpuv, knitr,
rmarkdown, sodium, spelling, testthat (>= 3.1.7)",NA,"MIT + file LICENSE",NA,NA,NA,NA,"no","4.2.3"
"generics","generics","/home/v-mahughes/r_pkg_tutorial","0.1.3",NA,"R (>= 3.2)","methods",NA,"covr, pkgload, testthat (>= 3.0.0), tibble, withr",NA,"MIT + file LICENSE",NA,NA,NA,NA,"no","4.2.3"
"GenomeInfoDb","GenomeInfoDb","/home/v-mahughes/r_pkg_tutorial","1.34.9",NA,"R (>= 4.0.0), methods, BiocGenerics (>= 0.37.0), S4Vectors (>=
0.25.12), IRanges (>= 2.13.12)","stats, stats4, utils, RCurl, GenomeInfoDbData",NA,"GenomicRanges, Rsamtools, GenomicAlignments, GenomicFeatures,
TxDb.Dmelanogaster.UCSC.dm3.ensGene, BSgenome,
BSgenome.Scerevisiae.UCSC.sacCer2, BSgenome.Celegans.UCSC.ce2,
BSgenome.Hsapiens.NCBI.GRCh38, RUnit, BiocStyle, knitr",NA,"Artistic-2.0",NA,NA,NA,NA,"no","4.2.3"
"GenomeInfoDbData","GenomeInfoDbData","/home/v-mahughes/r_pkg_tutorial","1.2.9",NA,"R (>= 3.5.0)",NA,NA,NA,NA,"Artistic-2.0",NA,NA,NA,NA,"no","4.2.3"
"GenomicRanges","GenomicRanges","/home/v-mahughes/r_pkg_tutorial","1.50.2",NA,"R (>= 4.0.0), methods, stats4, BiocGenerics (>= 0.37.0),
S4Vectors (>= 0.27.12), IRanges (>= 2.31.2), GenomeInfoDb (>=
1.15.2)","utils, stats, XVector (>= 0.29.2)","S4Vectors, IRanges","Matrix, Biobase, AnnotationDbi, annotate, Biostrings (>=
2.25.3), SummarizedExperiment (>= 0.1.5), Rsamtools (>=
1.13.53), GenomicAlignments, rtracklayer, BSgenome,
GenomicFeatures, Gviz, VariantAnnotation, AnnotationHub,
DESeq2, DEXSeq, edgeR, KEGGgraph, RNAseqData.HNRNPC.bam.chr14,
pasillaBamSubset, KEGGREST, hgu95av2.db, hgu95av2probe,
BSgenome.Scerevisiae.UCSC.sacCer2, BSgenome.Hsapiens.UCSC.hg19,
BSgenome.Mmusculus.UCSC.mm10,
TxDb.Athaliana.BioMart.plantsmart22,
TxDb.Dmelanogaster.UCSC.dm3.ensGene,
TxDb.Hsapiens.UCSC.hg19.knownGene,
TxDb.Mmusculus.UCSC.mm10.knownGene, RUnit, digest, knitr,
rmarkdown, BiocStyle",NA,"Artistic-2.0",NA,NA,NA,NA,"yes","4.2.3"
"gert","gert","/home/v-mahughes/r_pkg_tutorial","2.0.1",NA,NA,"askpass, credentials (>= 1.2.1), openssl (>= 2.0.3),
rstudioapi (>= 0.11), sys, zip (>= 2.1.0)",NA,"spelling, knitr, rmarkdown, testthat",NA,"MIT + file LICENSE",NA,NA,NA,NA,"yes","4.2.3"
"GetoptLong","GetoptLong","/home/v-mahughes/r_pkg_tutorial","1.0.5",NA,"R (>= 3.3.0)","rjson, GlobalOptions (>= 0.1.0), methods, crayon",NA,"testthat (>= 1.0.0), knitr, markdown, rmarkdown",NA,"MIT + file LICENSE",NA,NA,NA,NA,"no","4.2.3"
"ggbeeswarm","ggbeeswarm","/home/v-mahughes/r_pkg_tutorial","0.7.2",NA,"R (>= 3.5.0), ggplot2 (>= 3.3.0)","beeswarm, lifecycle, vipor, cli",NA,"gridExtra",NA,"GPL (>= 3)",NA,NA,NA,NA,"no","4.2.3"
"ggforce","ggforce","/home/v-mahughes/r_pkg_tutorial","0.4.1",NA,"ggplot2 (>= 3.3.6), R (>= 3.3.0)","Rcpp (>= 0.12.2), grid, scales, MASS, tweenr (>= 0.1.5),
gtable, rlang, polyclip, stats, grDevices, tidyselect, withr,
utils, lifecycle, cli, vctrs, systemfonts","Rcpp, RcppEigen","sessioninfo, concaveman, deldir, latex2exp, reshape2, units
(>= 0.4-6), covr",NA,"MIT + file LICENSE",NA,NA,NA,NA,"yes","4.2.3"
"ggfun","ggfun","/home/v-mahughes/r_pkg_tutorial","0.1.4",NA,"R (>= 4.1.0)","cli, ggplot2, grid, rlang, utils",NA,"ggplotify, knitr, rmarkdown, prettydoc, tidyr, ggnewscale",NA,"Artistic-2.0",NA,NA,NA,NA,"no","4.2.3"
"ggnewscale","ggnewscale","/home/v-mahughes/r_pkg_tutorial","0.4.10",NA,NA,"ggplot2 (>= 3.0.0)",NA,"testthat, vdiffr, covr",NA,"GPL-3",NA,NA,NA,NA,"no","4.2.3"
"ggplot2","ggplot2","/home/v-mahughes/r_pkg_tutorial","3.4.4",NA,"R (>= 3.3)","cli, glue, grDevices, grid, gtable (>= 0.1.1), isoband,
lifecycle (> 1.0.1), MASS, mgcv, rlang (>= 1.1.0), scales (>=
1.2.0), stats, tibble, vctrs (>= 0.5.0), withr (>= 2.5.0)",NA,"covr, dplyr, ggplot2movies, hexbin, Hmisc, knitr, lattice,
mapproj, maps, multcomp, munsell, nlme, profvis, quantreg,
ragg, RColorBrewer, rmarkdown, rpart, sf (>= 0.7-3), svglite
(>= 1.2.0.9001), testthat (>= 3.1.2), vdiffr (>= 1.0.0), xml2","sp","MIT + file LICENSE",NA,NA,NA,NA,"no","4.2.3"
"ggplot2movies","ggplot2movies","/home/v-mahughes/r_pkg_tutorial","0.0.1",NA,"R (>= 2.10.0)",NA,NA,NA,NA,"GPL-3",NA,NA,NA,NA,"no","4.2.3"
"ggplotify","ggplotify","/home/v-mahughes/r_pkg_tutorial","0.1.2",NA,"R (>= 3.4.0)","ggplot2, graphics, grDevices, grid, gridGraphics, yulab.utils",NA,"aplot, colorspace, cowplot, ggimage, knitr, rmarkdown,
lattice, prettydoc, vcd, utils",NA,"Artistic-2.0",NA,NA,NA,NA,"no","4.2.3"
"ggraph","ggraph","/home/v-mahughes/r_pkg_tutorial","2.1.0",NA,"R (>= 2.10), ggplot2 (>= 3.0.0)","Rcpp (>= 0.12.2), dplyr, ggforce (>= 0.3.1), grid, igraph (>=
1.0.0), scales, MASS, digest, gtable, ggrepel, utils, stats,
viridis, rlang, tidygraph, graphlayouts (>= 0.5.0), withr, cli,
vctrs, lifecycle","Rcpp","network, knitr, rmarkdown, purrr, tibble, seriation, deldir,
gganimate, covr",NA,"MIT + file LICENSE",NA,NA,NA,NA,"yes","4.2.3"
"ggrepel","ggrepel","/home/v-mahughes/r_pkg_tutorial","0.9.5",NA,"R (>= 3.0.0), ggplot2 (>= 2.2.0)","grid, Rcpp, rlang (>= 0.3.0), scales (>= 0.5.0), withr (>=
2.5.0)","Rcpp","knitr, rmarkdown, testthat, svglite, vdiffr, gridExtra, ggpp,
patchwork, devtools, prettydoc, ggbeeswarm, dplyr, magrittr,
readr, stringr",NA,"GPL-3 | file LICENSE",NA,NA,NA,NA,"yes","4.2.3"
"ggridges","ggridges","/home/v-mahughes/r_pkg_tutorial","0.5.6",NA,"R (>= 3.2)","ggplot2 (>= 3.4.0), grid (>= 3.0.0), scales (>= 0.4.1), withr
(>= 2.1.1)",NA,"covr, dplyr, patchwork, ggplot2movies, forcats, knitr,
rmarkdown, testthat, vdiffr",NA,"GPL-2 | file LICENSE",NA,NA,NA,NA,"no","4.2.3"
"ggtree","ggtree","/home/v-mahughes/r_pkg_tutorial","3.6.2",NA,"R (>= 3.5.0)","ape, aplot, dplyr, ggplot2 (> 3.3.6), grid, magrittr, methods,
purrr, rlang, ggfun (>= 0.0.6), yulab.utils, tidyr, tidytree
(>= 0.3.9), treeio (>= 1.8.0), utils, scales, stats, cli",NA,"emojifont, ggimage, ggplotify, shadowtext, grDevices, knitr,
prettydoc, rmarkdown, testthat, tibble, glue",NA,"Artistic-2.0",NA,NA,NA,NA,"no","4.2.3"
"gh","gh","/home/v-mahughes/r_pkg_tutorial","1.4.0",NA,"R (>= 3.4)","cli (>= 3.0.1), gitcreds, httr2, ini, jsonlite, rlang (>=
1.0.0)",NA,"covr, knitr, mockery, rmarkdown, rprojroot, spelling,
testthat (>= 3.0.0), withr",NA,"MIT + file LICENSE",NA,NA,NA,NA,"no","4.2.3"
"gitcreds","gitcreds","/home/v-mahughes/r_pkg_tutorial","0.1.2",NA,"R (>= 3.4)",NA,NA,"codetools, covr, knitr, mockery, oskeyring, rmarkdown,
testthat (>= 3.0.0), withr",NA,"MIT + file LICENSE",NA,NA,NA,NA,"no","4.2.3"
"GlobalOptions","GlobalOptions","/home/v-mahughes/r_pkg_tutorial","0.1.2",NA,"R (>= 3.3.0), methods","utils",NA,"testthat (>= 1.0.0), knitr, markdown, GetoptLong",NA,"MIT + file LICENSE",NA,NA,NA,NA,"no","4.2.3"
"globals","globals","/home/v-mahughes/r_pkg_tutorial","0.16.2",NA,"R (>= 3.1.2)","codetools",NA,NA,NA,"LGPL (>= 2.1)",NA,NA,NA,NA,"no","4.2.3"
"glue","glue","/home/v-mahughes/r_pkg_tutorial","1.7.0",NA,"R (>= 3.6)","methods",NA,"crayon, DBI (>= 1.2.0), dplyr, knitr, magrittr, rlang,
rmarkdown, RSQLite, testthat (>= 3.2.0), vctrs (>= 0.3.0),
waldo (>= 0.3.0), withr",NA,"MIT + file LICENSE",NA,NA,NA,NA,"yes","4.2.3"
"gmailr","gmailr","/home/v-mahughes/r_pkg_tutorial","2.0.0",NA,"R (>= 3.6)","base64enc, cli, crayon, gargle (>= 1.5.1), glue, httr,
jsonlite, lifecycle, mime, rappdirs, rematch2, rlang (>= 1.1.0)",NA,"curl, knitr, methods, rmarkdown, testthat (>= 3.1.8), withr",NA,"MIT + file LICENSE",NA,NA,NA,NA,"no","4.2.3"
"GO.db","GO.db","/home/v-mahughes/r_pkg_tutorial","3.16.0",NA,"R (>= 2.7.0), methods, AnnotationDbi (>= 1.59.1)",NA,NA,"DBI",NA,"Artistic-2.0",NA,NA,NA,NA,"no","4.2.3"
"goftest","goftest","/home/v-mahughes/r_pkg_tutorial","1.2-3",NA,"R (>= 3.3)","stats",NA,NA,NA,"GPL (>= 2)",NA,NA,NA,NA,"yes","4.2.3"
"googledrive","googledrive","/home/v-mahughes/r_pkg_tutorial","2.1.1",NA,"R (>= 3.6)","cli (>= 3.0.0), gargle (>= 1.5.0), glue (>= 1.4.2), httr,
jsonlite, lifecycle, magrittr, pillar (>= 1.9.0), purrr (>=
1.0.1), rlang (>= 1.0.2), tibble (>= 2.0.0), utils, uuid, vctrs
(>= 0.3.0), withr",NA,"curl, dplyr (>= 1.0.0), knitr, mockr, rmarkdown, spelling,
testthat (>= 3.1.3)",NA,"MIT + file LICENSE",NA,NA,NA,NA,"no","4.2.3"
"googlesheets4","googlesheets4","/home/v-mahughes/r_pkg_tutorial","1.1.1",NA,"R (>= 3.6)","cellranger, cli (>= 3.0.0), curl, gargle (>= 1.5.0), glue (>=
1.3.0), googledrive (>= 2.1.0), httr, ids, lifecycle, magrittr,
methods, purrr, rematch2, rlang (>= 1.0.2), tibble (>= 2.1.1),
utils, vctrs (>= 0.2.3), withr",NA,"readr, rmarkdown, spelling, testthat (>= 3.1.7)",NA,"MIT + file LICENSE",NA,NA,NA,NA,"no","4.2.3"
"GOSemSim","GOSemSim","/home/v-mahughes/r_pkg_tutorial","2.24.0",NA,"R (>= 3.5.0)","AnnotationDbi, GO.db, methods, utils","Rcpp","AnnotationHub, BiocManager, clusterProfiler, DOSE, knitr,
rmarkdown, org.Hs.eg.db, prettydoc, testthat, ROCR",NA,"Artistic-2.0",NA,NA,NA,NA,"yes","4.2.3"
"gplots","gplots","/home/v-mahughes/r_pkg_tutorial","3.1.3.1",NA,"R (>= 3.0)","gtools, stats, caTools, KernSmooth, methods",NA,"grid, MASS, knitr, r2d2",NA,"GPL-2",NA,NA,NA,NA,"no","4.2.3"
"graphlayouts","graphlayouts","/home/v-mahughes/r_pkg_tutorial","1.1.0",NA,"R (>= 3.2.0)","igraph, Rcpp","Rcpp, RcppArmadillo","oaqc, testthat, ggraph, ggplot2, knitr, rmarkdown, uwot",NA,"MIT + file LICENSE",NA,NA,NA,NA,"yes","4.2.3"
"gridExtra","gridExtra","/home/v-mahughes/r_pkg_tutorial","2.3",NA,NA,"gtable, grid, grDevices, graphics, utils",NA,"ggplot2, egg, lattice, knitr, testthat",NA,"GPL (>= 2)",NA,NA,NA,NA,"no","4.2.3"
"gridGraphics","gridGraphics","/home/v-mahughes/r_pkg_tutorial","0.5-1",NA,"grid, graphics","grDevices",NA,"magick (>= 1.3), pdftools (>= 1.6)",NA,"GPL (>= 2)",NA,NA,NA,NA,"no","4.2.3"
"gson","gson","/home/v-mahughes/r_pkg_tutorial","0.1.0",NA,NA,"jsonlite, methods, rlang, stats, tidyr, utils",NA,NA,NA,"Artistic-2.0",NA,NA,NA,NA,"no","4.2.3"
"gt","gt","/home/v-mahughes/r_pkg_tutorial","0.10.1",NA,"R (>= 3.2.0)","base64enc (>= 0.1-3), bigD (>= 0.2), bitops (>= 1.0-7), cli
(>= 3.6.0), commonmark (>= 1.8.1), dplyr (>= 1.1.0), fs (>=
1.6.1), glue (>= 1.6.2), htmltools (>= 0.5.4), htmlwidgets (>=
1.6.1), juicyjuice (>= 0.1.0), magrittr (>= 2.0.2), markdown
(>= 1.5), reactable (>= 0.4.3), rlang (>= 1.0.2), sass (>=
0.4.5), scales (>= 1.2.1), tidyselect (>= 1.2.0), vctrs, xml2
(>= 1.3.3)",NA,"covr, digest (>= 0.6.31), fontawesome (>= 0.5.2), ggplot2,
knitr, lubridate, magick, paletteer, RColorBrewer, rmarkdown
(>= 2.20), rvest, shiny (>= 1.7.4), testthat (>= 3.1.9), tidyr,
webshot2 (>= 0.1.0)",NA,"MIT + file LICENSE",NA,NA,NA,NA,"no","4.2.3"
"gtable","gtable","/home/v-mahughes/r_pkg_tutorial","0.3.4",NA,"R (>= 3.5)","cli, glue, grid, lifecycle, rlang (>= 1.1.0)",NA,"covr, ggplot2, knitr, profvis, rmarkdown, testthat (>= 3.0.0)",NA,"MIT + file LICENSE",NA,NA,NA,NA,"no","4.2.3"
"gtools","gtools","/home/v-mahughes/r_pkg_tutorial","3.9.5",NA,"methods, stats, utils",NA,NA,"car, gplots, knitr, rstudioapi, SGP, taxize",NA,"GPL-2",NA,NA,NA,NA,"yes","4.2.3"
"harmony","harmony","/home/v-mahughes/r_pkg_tutorial","1.2.0",NA,"R(>= 3.5.0), Rcpp","dplyr, cowplot, ggplot2, Matrix, methods, tibble, rlang,
RhpcBLASctl","Rcpp, RcppArmadillo, RcppProgress","SingleCellExperiment, Seurat (>= 4.1.1), testthat, knitr,
rmarkdown, ggthemes, ggrepel, patchwork, tidyverse, tidyr,
data.table",NA,"GPL-3",NA,NA,NA,NA,"yes","4.2.3"
"haven","haven","/home/v-mahughes/r_pkg_tutorial","2.5.4",NA,"R (>= 3.6)","cli (>= 3.0.0), forcats (>= 0.2.0), hms, lifecycle, methods,
readr (>= 0.1.0), rlang (>= 0.4.0), tibble, tidyselect, vctrs
(>= 0.3.0)","cpp11","covr, crayon, fs, knitr, pillar (>= 1.4.0), rmarkdown,
testthat (>= 3.0.0), utf8",NA,"MIT + file LICENSE",NA,NA,NA,NA,"yes","4.2.3"
"hdf5r","hdf5r","/home/v-mahughes/r_pkg_tutorial","1.3.9",NA,"R (>= 3.2.2), methods","R6, bit64, utils",NA,"testthat, knitr, rmarkdown, nycflights13, reshape2, formatR,",NA,"Apache License 2.0 | file LICENSE",NA,NA,NA,NA,"yes","4.2.3"
"HDO.db","HDO.db","/home/v-mahughes/r_pkg_tutorial","0.99.1",NA,"R (>= 4.2.0)","AnnotationDbi, methods, utils",NA,"rmarkdown, knitr, testthat (>= 3.0.0)",NA,"Artistic-2.0",NA,NA,NA,NA,"no","4.2.3"
"here","here","/home/v-mahughes/r_pkg_tutorial","1.0.1",NA,NA,"rprojroot (>= 2.0.2)",NA,"conflicted, covr, fs, knitr, palmerpenguins, plyr, readr,
rlang, rmarkdown, testthat, uuid, withr",NA,"MIT + file LICENSE",NA,NA,NA,NA,"no","4.2.3"
"hexbin","hexbin","/home/v-mahughes/r_pkg_tutorial","1.28.3",NA,"R (>= 2.0.1), methods","lattice, grid, graphics, grDevices, stats, utils",NA,"marray, affy, Biobase, limma, knitr",NA,"GPL-2",NA,NA,NA,NA,"yes","4.2.3"
"highr","highr","/home/v-mahughes/r_pkg_tutorial","0.10",NA,"R (>= 3.3.0)","xfun (>= 0.18)",NA,"knitr, markdown, testit",NA,"GPL",NA,NA,NA,NA,"no","4.2.3"
"Hmisc","Hmisc","/home/v-mahughes/r_pkg_tutorial","5.1-1",NA,NA,"methods, ggplot2, cluster, rpart, nnet, foreign, gtable, grid,
gridExtra, data.table, htmlTable (>= 1.11.0), viridis,
htmltools, base64enc, colorspace, rmarkdown, knitr, Formula",NA,"survival, qreport, acepack, chron, rms, mice, rstudioapi,
tables, plotly (>= 4.5.6), rlang, plyr, VGAM, leaps, pcaPP,
digest, parallel, polspline, abind, kableExtra, rio, lattice,
latticeExtra, gt, sparkline, jsonlite, htmlwidgets, qs,
getPass, keyring, safer",NA,"GPL (>= 2)",NA,NA,NA,NA,"yes","4.2.3"
"hms","hms","/home/v-mahughes/r_pkg_tutorial","1.1.3",NA,NA,"lifecycle, methods, pkgconfig, rlang (>= 1.0.2), vctrs (>=
0.3.8)",NA,"crayon, lubridate, pillar (>= 1.1.0), testthat (>= 3.0.0)",NA,"MIT + file LICENSE",NA,NA,NA,NA,"no","4.2.3"
"htmlTable","htmlTable","/home/v-mahughes/r_pkg_tutorial","2.4.2",NA,"R (>= 4.1)","stringr, knitr (>= 1.6), magrittr (>= 1.5), methods,
checkmate, htmlwidgets, htmltools, rstudioapi (>= 0.6)",NA,"testthat, XML, xml2, Hmisc, rmarkdown, chron, lubridate,
tibble, purrr, tidyselect, glue, rlang, tidyr (>= 0.7.2), dplyr
(>= 0.7.4)",NA,"GPL (>= 3)",NA,NA,NA,NA,"no","4.2.3"
"htmltools","htmltools","/home/v-mahughes/r_pkg_tutorial","0.5.7",NA,"R (>= 2.14.1)","base64enc, digest, ellipsis, fastmap (>= 1.1.0), grDevices,
rlang (>= 1.0.0), utils",NA,"Cairo, markdown, ragg, shiny, testthat, withr","knitr","GPL (>= 2)",NA,NA,NA,NA,"yes","4.2.3"
"htmlwidgets","htmlwidgets","/home/v-mahughes/r_pkg_tutorial","1.6.4",NA,NA,"grDevices, htmltools (>= 0.5.7), jsonlite (>= 0.9.16), knitr
(>= 1.8), rmarkdown, yaml",NA,"testthat","shiny (>= 1.1)","MIT + file LICENSE",NA,NA,NA,NA,"no","4.2.3"
"httpuv","httpuv","/home/v-mahughes/r_pkg_tutorial","1.6.14",NA,"R (>= 2.15.1)","later (>= 0.8.0), promises, R6, Rcpp (>= 1.0.7), utils","later, Rcpp","callr, curl, testthat, websocket",NA,"GPL (>= 2) | file LICENSE",NA,NA,NA,NA,"yes","4.2.3"
"httr","httr","/home/v-mahughes/r_pkg_tutorial","1.4.7",NA,"R (>= 3.5)","curl (>= 5.0.2), jsonlite, mime, openssl (>= 0.8), R6",NA,"covr, httpuv, jpeg, knitr, png, readr, rmarkdown, testthat
(>= 0.8.0), xml2",NA,"MIT + file LICENSE",NA,NA,NA,NA,"no","4.2.3"
"httr2","httr2","/home/v-mahughes/r_pkg_tutorial","1.0.0",NA,"R (>= 3.6)","cli (>= 3.0.0), curl (>= 5.1.0), glue, lifecycle, magrittr,
openssl, R6, rappdirs, rlang (>= 1.1.0), vctrs (>= 0.6.3),
withr",NA,"askpass, bench, clipr, covr, docopt, httpuv, jose, jsonlite,
knitr, rmarkdown, testthat (>= 3.1.8), tibble, webfakes, xml2",NA,"MIT + file LICENSE",NA,NA,NA,NA,"no","4.2.3"
"hunspell","hunspell","/home/v-mahughes/r_pkg_tutorial","3.0.3",NA,"R (>= 3.0.2)","Rcpp, digest","Rcpp (>= 0.12.12)","spelling, testthat, pdftools, janeaustenr, wordcloud2, knitr,
stopwords, rmarkdown",NA,"GPL-2 | LGPL-2.1 | MPL-1.1",NA,NA,NA,NA,"yes","4.2.3"
"ica","ica","/home/v-mahughes/r_pkg_tutorial","1.0-3",NA,NA,NA,NA,NA,NA,"GPL (>= 2)",NA,NA,NA,NA,"no","4.2.3"
"ids","ids","/home/v-mahughes/r_pkg_tutorial","1.0.1",NA,NA,"openssl, uuid",NA,"knitr, rcorpora, rmarkdown, testthat",NA,"MIT + file LICENSE",NA,NA,NA,NA,"no","4.2.3"
"igraph","igraph","/home/v-mahughes/r_pkg_tutorial","2.0.1.9008",NA,"methods, R (>= 3.5.0)","cli, graphics, grDevices, lifecycle, magrittr, Matrix,
pkgconfig (>= 2.0.0), rlang, stats, utils","cpp11 (>= 0.4.7)","ape (>= 5.7-0.1), callr, decor, digest, graph, igraphdata,
knitr, rgl, rmarkdown, scales, stats4, tcltk, testthat, vdiffr,
withr",NA,"GPL (>= 2)",NA,NA,NA,NA,"yes","4.2.3"
"ini","ini","/home/v-mahughes/r_pkg_tutorial","0.3.1",NA,NA,NA,NA,"testthat",NA,"GPL-3",NA,NA,NA,NA,"no","4.2.3"
"IRanges","IRanges","/home/v-mahughes/r_pkg_tutorial","2.32.0",NA,"R (>= 4.0.0), methods, utils, stats, BiocGenerics (>= 0.39.2),
S4Vectors (>= 0.33.3)","stats4","S4Vectors","XVector, GenomicRanges, Rsamtools, GenomicAlignments,
GenomicFeatures, BSgenome.Celegans.UCSC.ce2, pasillaBamSubset,
RUnit, BiocStyle",NA,"Artistic-2.0",NA,NA,NA,NA,"yes","4.2.3"
"irlba","irlba","/home/v-mahughes/r_pkg_tutorial","2.3.5.1",NA,"R (>= 3.6.2), Matrix","stats, methods","Matrix",NA,NA,"GPL-3",NA,NA,NA,NA,"yes","4.2.3"
"isoband","isoband","/home/v-mahughes/r_pkg_tutorial","0.2.7",NA,NA,"grid, utils",NA,"covr, ggplot2, knitr, magick, microbenchmark, rmarkdown, sf,
testthat, xml2",NA,"MIT + file LICENSE",NA,NA,NA,NA,"yes","4.2.3"
"iterators","iterators","/home/v-mahughes/r_pkg_tutorial","1.0.14",NA,"R (>= 2.5.0), utils",NA,NA,"RUnit, foreach",NA,"Apache License (== 2.0)",NA,NA,NA,NA,"no","4.2.3"
"jquerylib","jquerylib","/home/v-mahughes/r_pkg_tutorial","0.1.4",NA,NA,"htmltools",NA,"testthat",NA,"MIT + file LICENSE",NA,NA,NA,NA,"no","4.2.3"
"jsonlite","jsonlite","/home/v-mahughes/r_pkg_tutorial","1.8.8",NA,"methods",NA,NA,"httr, vctrs, testthat, knitr, rmarkdown, R.rsp, sf",NA,"MIT + file LICENSE",NA,NA,NA,NA,"yes","4.2.3"
"juicyjuice","juicyjuice","/home/v-mahughes/r_pkg_tutorial","0.1.0",NA,NA,"V8 (>= 4.2.0)",NA,"testthat (>= 3.0.0)",NA,"MIT + file LICENSE",NA,NA,NA,NA,"no","4.2.3"
"KEGGREST","KEGGREST","/home/v-mahughes/r_pkg_tutorial","1.38.0",NA,"R (>= 3.5.0)","methods, httr, png, Biostrings",NA,"RUnit, BiocGenerics, knitr, markdown",NA,"Artistic-2.0",NA,NA,NA,NA,"no","4.2.3"
"kernlab","kernlab","/home/v-mahughes/r_pkg_tutorial","0.9-32",NA,"R (>= 2.10)","methods, stats, grDevices, graphics",NA,NA,NA,"GPL-2",NA,NA,NA,NA,"yes","4.2.3"
"knitr","knitr","/home/v-mahughes/r_pkg_tutorial","1.45",NA,"R (>= 3.3.0)","evaluate (>= 0.15), highr, methods, tools, xfun (>= 0.39),
yaml (>= 2.1.19)",NA,"bslib, codetools, DBI (>= 0.4-1), digest, formatR, gifski,
gridSVG, htmlwidgets (>= 0.7), curl, jpeg, JuliaCall (>=
0.11.1), magick, markdown (>= 1.3), png, ragg, reticulate (>=
1.4), rgl (>= 0.95.1201), rlang, rmarkdown, sass, showtext,
styler (>= 1.2.0), targets (>= 0.6.0), testit, tibble,
tikzDevice (>= 0.10), tinytex (>= 0.46), webshot, rstudioapi,
svglite, xml2 (>= 1.2.0)",NA,"GPL",NA,NA,NA,NA,"no","4.2.3"
"labeling","labeling","/home/v-mahughes/r_pkg_tutorial","0.4.3",NA,NA,"stats, graphics",NA,NA,NA,"MIT + file LICENSE | Unlimited",NA,NA,NA,NA,"no","4.2.3"
"Lahman","Lahman","/home/v-mahughes/r_pkg_tutorial","11.0-0",NA,"R (>= 3.5.0)","dplyr",NA,"lattice, ggplot2, googleVis, data.table, vcd, reshape2,
tidyr, knitr, rmarkdown, car",NA,"GPL",NA,NA,NA,NA,"no","4.2.3"
"lambda.r","lambda.r","/home/v-mahughes/r_pkg_tutorial","1.2.4",NA,"R (>= 3.0.0)","formatR",NA,"testit",NA,"LGPL-3",NA,NA,NA,NA,"no","4.2.3"
"later","later","/home/v-mahughes/r_pkg_tutorial","1.3.2",NA,NA,"Rcpp (>= 0.12.9), rlang","Rcpp","knitr, rmarkdown, testthat (>= 2.1.0)",NA,"MIT + file LICENSE",NA,NA,NA,NA,"yes","4.2.3"
"lazyeval","lazyeval","/home/v-mahughes/r_pkg_tutorial","0.2.2",NA,"R (>= 3.1.0)",NA,NA,"knitr, rmarkdown (>= 0.2.65), testthat, covr",NA,"GPL-3",NA,NA,NA,NA,"yes","4.2.3"
"leiden","leiden","/home/v-mahughes/r_pkg_tutorial","0.4.3.1",NA,NA,"methods, reticulate, Matrix, igraph (>= 1.2.7)",NA,"bipartite, covr, data.table, devtools, graphsim, knitr,
markdown, multiplex, multinet, network, qpdf, RColorBrewer,
remotes, rmarkdown, spelling, testthat, tibble",NA,"GPL-3 | file LICENSE",NA,NA,NA,NA,"no","4.2.3"
"lifecycle","lifecycle","/home/v-mahughes/r_pkg_tutorial","1.0.4",NA,"R (>= 3.6)","cli (>= 3.4.0), glue, rlang (>= 1.1.0)",NA,"covr, crayon, knitr, lintr, rmarkdown, testthat (>= 3.0.1),
tibble, tidyverse, tools, vctrs, withr",NA,"MIT + file LICENSE",NA,NA,NA,NA,"no","4.2.3"
"lintr","lintr","/home/v-mahughes/r_pkg_tutorial","3.1.1",NA,"R (>= 3.5)","backports (>= 1.1.7), codetools, cyclocomp, digest, glue,
knitr, rex, stats, utils, xml2 (>= 1.0.0), xmlparsedata (>=
1.0.5)",NA,"bookdown, crayon, httr (>= 1.2.1), jsonlite, mockery,
patrick, rlang, rmarkdown, rstudioapi (>= 0.2), testthat (>=
3.1.5), tibble, tufte, withr (>= 2.5.0)","data.table","MIT + file LICENSE",NA,NA,NA,NA,"no","4.2.3"
"listenv","listenv","/home/v-mahughes/r_pkg_tutorial","0.9.1",NA,"R (>= 3.1.2)",NA,NA,"R.utils, R.rsp, markdown",NA,"LGPL (>= 2.1)",NA,NA,NA,NA,"no","4.2.3"
"lmtest","lmtest","/home/v-mahughes/r_pkg_tutorial","0.9-40",NA,"R (>= 3.0.0), stats, zoo","graphics",NA,"car, strucchange, sandwich, dynlm, stats4, survival, AER",NA,"GPL-2 | GPL-3",NA,NA,NA,NA,"yes","4.2.3"
"lobstr","lobstr","/home/v-mahughes/r_pkg_tutorial","1.1.2",NA,"R (>= 3.2)","crayon, methods, prettyunits, rlang (>= 1.0.0)","cpp11 (>= 0.4.2)","covr, pillar, pkgdown, testthat (>= 3.0.0)",NA,"MIT + file LICENSE",NA,NA,NA,NA,"yes","4.2.3"
"lubridate","lubridate","/home/v-mahughes/r_pkg_tutorial","1.9.3",NA,"methods, R (>= 3.2)","generics, timechange (>= 0.1.1)",NA,"covr, knitr, rmarkdown, testthat (>= 2.1.0), vctrs (>= 0.5.0)","chron, data.table, timeDate, tis, zoo","GPL (>= 2)",NA,NA,NA,NA,"yes","4.2.3"
"magrittr","magrittr","/home/v-mahughes/r_pkg_tutorial","2.0.3",NA,"R (>= 3.4.0)",NA,NA,"covr, knitr, rlang, rmarkdown, testthat",NA,"MIT + file LICENSE",NA,NA,NA,NA,"yes","4.2.3"
"mapproj","mapproj","/home/v-mahughes/r_pkg_tutorial","1.2.11",NA,"R (>= 3.0.0), maps (>= 2.3-0)","stats, graphics",NA,NA,NA,"Lucent Public License",NA,NA,NA,NA,"yes","4.2.3"
"maps","maps","/home/v-mahughes/r_pkg_tutorial","3.4.2",NA,"R (>= 3.5.0)","graphics, utils",NA,"mapproj (>= 1.2-0), mapdata (>= 2.3.0), sp, rnaturalearth",NA,"GPL-2",NA,NA,NA,NA,"yes","4.2.3"
"markdown","markdown","/home/v-mahughes/r_pkg_tutorial","1.12",NA,"R (>= 2.11.1)","utils, commonmark (>= 1.9.0), xfun (>= 0.38)",NA,"knitr, rmarkdown (>= 2.18), yaml, RCurl",NA,"MIT + file LICENSE",NA,NA,NA,NA,"no","4.2.3"
"mathjaxr","mathjaxr","/home/v-mahughes/r_pkg_tutorial","1.6-0",NA,NA,NA,NA,"js",NA,"GPL-3",NA,NA,NA,NA,"yes","4.2.3"
"Matrix","Matrix","/home/v-mahughes/r_pkg_tutorial","1.6-5","recommended","R (>= 3.5.0), methods","grDevices, graphics, grid, lattice, stats, utils",NA,"MASS, datasets, sfsmisc, tools","SparseM, graph","GPL (>= 2) | file LICENCE",NA,NA,NA,NA,"yes","4.2.3"
"MatrixGenerics","MatrixGenerics","/home/v-mahughes/r_pkg_tutorial","1.10.0",NA,"matrixStats (>= 0.60.1)","methods",NA,"sparseMatrixStats, DelayedMatrixStats, SummarizedExperiment,
testthat (>= 2.1.0), Matrix",NA,"Artistic-2.0",NA,NA,NA,NA,"no","4.2.3"
"MatrixModels","MatrixModels","/home/v-mahughes/r_pkg_tutorial","0.5-3",NA,"R (>= 3.6.0)","stats, methods, Matrix (>= 1.6-0)",NA,NA,NA,"GPL (>= 2)",NA,NA,NA,NA,"no","4.2.3"
"matrixStats","matrixStats","/home/v-mahughes/r_pkg_tutorial","1.2.0",NA,"R (>= 2.12.0)",NA,NA,"base64enc, ggplot2, knitr, markdown, microbenchmark,
R.devices, R.rsp",NA,"Artistic-2.0",NA,NA,NA,NA,"yes","4.2.3"
"memoise","memoise","/home/v-mahughes/r_pkg_tutorial","2.0.1",NA,NA,"rlang (>= 0.4.10), cachem",NA,"digest, aws.s3, covr, googleAuthR, googleCloudStorageR, httr,
testthat",NA,"MIT + file LICENSE",NA,NA,NA,NA,"no","4.2.3"
"microbenchmark","microbenchmark","/home/v-mahughes/r_pkg_tutorial","1.4.10",NA,NA,"graphics, stats",NA,"ggplot2, multcomp, RUnit",NA,"BSD_2_clause + file LICENSE",NA,NA,NA,NA,"yes","4.2.3"
"mime","mime","/home/v-mahughes/r_pkg_tutorial","0.12",NA,NA,"tools",NA,NA,NA,"GPL",NA,NA,NA,NA,"yes","4.2.3"
"miniUI","miniUI","/home/v-mahughes/r_pkg_tutorial","0.1.1.1",NA,NA,"shiny (>= 0.13), htmltools (>= 0.3), utils",NA,NA,NA,"GPL-3",NA,NA,NA,NA,"no","4.2.3"
"mixtools","mixtools","/home/v-mahughes/r_pkg_tutorial","2.0.0",NA,"R (>= 4.0.0)","kernlab, MASS, plotly, scales, segmented, stats, survival",NA,NA,NA,"GPL (>= 2)",NA,NA,NA,NA,"yes","4.2.3"
"mnormt","mnormt","/home/v-mahughes/r_pkg_tutorial","2.1.1",NA,"R (>= 2.2.0)",NA,NA,NA,NA,"GPL-2 | GPL-3",NA,NA,NA,NA,"yes","4.2.3"
"mockery","mockery","/home/v-mahughes/r_pkg_tutorial","0.4.4",NA,NA,"testthat",NA,"knitr, R6, rmarkdown (>= 1.0)",NA,"MIT + file LICENSE",NA,NA,NA,NA,"no","4.2.3"
"mockr","mockr","/home/v-mahughes/r_pkg_tutorial","0.2.1",NA,NA,"rlang, withr",NA,"covr, fs, knitr, pkgload, rmarkdown, testthat, usethis",NA,"GPL-3",NA,NA,NA,NA,"no","4.2.3"
"modelr","modelr","/home/v-mahughes/r_pkg_tutorial","0.1.11",NA,"R (>= 3.2)","broom, magrittr, purrr (>= 0.2.2), rlang (>= 1.0.6), tibble,
tidyr (>= 0.8.0), tidyselect, vctrs",NA,"compiler, covr, ggplot2, testthat (>= 3.0.0)",NA,"GPL-3",NA,NA,NA,NA,"no","4.2.3"
"multcomp","multcomp","/home/v-mahughes/r_pkg_tutorial","1.4-25",NA,"stats, graphics, mvtnorm (>= 1.0-10), survival (>= 2.39-4),
TH.data (>= 1.0-2)","sandwich (>= 2.3-0), codetools",NA,"lme4 (>= 0.999375-16), nlme, robustbase, coin, MASS, foreign,
xtable, lmtest, coxme (>= 2.2-1), SimComp, ISwR, tram (>=
0.2-5), fixest (>= 0.10), glmmTMB",NA,"GPL-2",NA,NA,NA,NA,"no","4.2.3"
"munsell","munsell","/home/v-mahughes/r_pkg_tutorial","0.5.0",NA,NA,"colorspace, methods",NA,"ggplot2, testthat",NA,"MIT + file LICENSE",NA,NA,NA,NA,"no","4.2.3"
"mvtnorm","mvtnorm","/home/v-mahughes/r_pkg_tutorial","1.2-4",NA,"R(>= 3.5.0)","stats",NA,"qrng, numDeriv",NA,"GPL-2",NA,NA,NA,NA,"yes","4.2.3"
"numDeriv","numDeriv","/home/v-mahughes/r_pkg_tutorial","2016.8-1.1",NA,"R (>= 2.11.1)",NA,NA,NA,NA,"GPL-2",NA,NA,NA,NA,"no","4.2.3"
"nycflights13","nycflights13","/home/v-mahughes/r_pkg_tutorial","1.0.2",NA,"R (>= 3.2)","tibble",NA,"dplyr",NA,"CC0",NA,NA,NA,NA,"no","4.2.3"
"openssl","openssl","/home/v-mahughes/r_pkg_tutorial","2.1.1",NA,NA,"askpass",NA,"curl, testthat (>= 2.1.0), digest, knitr, rmarkdown,
jsonlite, jose, sodium",NA,"MIT + file LICENSE",NA,NA,NA,NA,"yes","4.2.3"
"parallelly","parallelly","/home/v-mahughes/r_pkg_tutorial","1.36.0",NA,NA,"parallel, tools, utils",NA,NA,NA,"LGPL (>= 2.1)",NA,NA,NA,NA,"no","4.2.3"
"parsedate","parsedate","/home/v-mahughes/r_pkg_tutorial","1.3.1",NA,NA,NA,NA,"covr, testthat, withr",NA,"GPL-2",NA,NA,NA,NA,"yes","4.2.3"
"PASWR","PASWR","/home/v-mahughes/r_pkg_tutorial","1.3",NA,"lattice","MASS, e1071",NA,NA,NA,"GPL-2",NA,NA,NA,NA,"no","4.2.3"
"patchwork","patchwork","/home/v-mahughes/r_pkg_tutorial","1.2.0",NA,NA,"ggplot2 (>= 3.0.0), gtable, grid, stats, grDevices, utils,
graphics, rlang, cli",NA,"knitr, rmarkdown, gridGraphics, gridExtra, ragg, testthat (>=
2.1.0), vdiffr, covr, png",NA,"MIT + file LICENSE",NA,NA,NA,NA,"no","4.2.3"
"pbapply","pbapply","/home/v-mahughes/r_pkg_tutorial","1.7-2",NA,"R (>= 3.2.0)","parallel",NA,"shiny, future, future.apply",NA,"GPL (>= 2)",NA,NA,NA,NA,"no","4.2.3"
"pillar","pillar","/home/v-mahughes/r_pkg_tutorial","1.9.0",NA,NA,"cli (>= 2.3.0), fansi, glue, lifecycle, rlang (>= 1.0.2), utf8
(>= 1.1.0), utils, vctrs (>= 0.5.0)",NA,"bit64, DBI, debugme, DiagrammeR, dplyr, formattable, ggplot2,
knitr, lubridate, nanotime, nycflights13, palmerpenguins,
rmarkdown, scales, stringi, survival, testthat (>= 3.1.1),
tibble, units (>= 0.7.2), vdiffr, withr",NA,"MIT + file LICENSE",NA,NA,NA,NA,"no","4.2.3"
"pingr","pingr","/home/v-mahughes/r_pkg_tutorial","2.0.3",NA,"R (>= 3.6)","processx, utils",NA,"covr, testthat (>= 3.0.0)",NA,"MIT + file LICENSE",NA,NA,NA,NA,"yes","4.2.3"
"pkgbuild","pkgbuild","/home/v-mahughes/r_pkg_tutorial","1.4.3",NA,"R (>= 3.5)","callr (>= 3.2.0), cli (>= 3.4.0), desc, processx, R6",NA,"covr, cpp11, knitr, mockery, Rcpp, rmarkdown, testthat (>=
3.0.0), withr (>= 2.3.0)",NA,"MIT + file LICENSE",NA,NA,NA,NA,"no","4.2.3"
"pkgconfig","pkgconfig","/home/v-mahughes/r_pkg_tutorial","2.0.3",NA,NA,"utils",NA,"covr, testthat, disposables (>= 1.0.3)",NA,"MIT + file LICENSE",NA,NA,NA,NA,"no","4.2.3"
"pkgdown","pkgdown","/home/v-mahughes/r_pkg_tutorial","2.0.7",NA,"R (>= 3.1.0)","bslib (>= 0.3.1), callr (>= 3.7.3), cli, desc, digest, downlit
(>= 0.4.0), fs (>= 1.4.0), httr (>= 1.4.2), jsonlite, magrittr,
memoise, purrr, ragg, rlang (>= 1.0.0), rmarkdown (>=
1.1.9007), tibble, whisker, withr (>= 2.4.3), xml2 (>= 1.3.1),
yaml",NA,"covr, diffviewer, evaluate, htmltools, htmlwidgets, knitr,
lifecycle, methods, openssl, pkgload (>= 1.0.2), rsconnect,
rstudioapi, rticles, sass, testthat (>= 3.1.3), tools",NA,"MIT + file LICENSE",NA,NA,NA,NA,"no","4.2.3"
"pkgload","pkgload","/home/v-mahughes/r_pkg_tutorial","1.3.4",NA,"R (>= 3.4.0)","cli (>= 3.3.0), crayon, desc, fs, glue, methods, pkgbuild,
rlang (>= 1.1.1), rprojroot, utils, withr (>= 2.4.3)",NA,"bitops, covr, mathjaxr, mockr, pak, Rcpp, remotes,
rstudioapi, testthat (>= 3.1.0)",NA,"GPL-3",NA,NA,NA,NA,"no","4.2.3"
"plogr","plogr","/home/v-mahughes/r_pkg_tutorial","0.2.0",NA,NA,NA,NA,"Rcpp",NA,"MIT + file LICENSE",NA,NA,NA,NA,"no","4.2.3"
"plotly","plotly","/home/v-mahughes/r_pkg_tutorial","4.10.4",NA,"R (>= 3.2.0), ggplot2 (>= 3.0.0)","tools, scales, httr (>= 1.3.0), jsonlite (>= 1.6), magrittr,
digest, viridisLite, base64enc, htmltools (>= 0.3.6),
htmlwidgets (>= 1.5.2.9001), tidyr (>= 1.0.0), RColorBrewer,
dplyr, vctrs, tibble, lazyeval (>= 0.2.0), rlang (>= 0.4.10),
crosstalk, purrr, data.table, promises",NA,"MASS, maps, hexbin, ggthemes, GGally, ggalluvial, testthat,
knitr, shiny (>= 1.1.0), shinytest (>= 1.3.0), curl, rmarkdown,
Cairo, broom, webshot, listviewer, dendextend, sf, png,
IRdisplay, processx, plotlyGeoAssets, forcats, withr,
palmerpenguins, rversions, reticulate, rsvg",NA,"MIT + file LICENSE",NA,NA,NA,NA,"no","4.2.3"
"plotrix","plotrix","/home/v-mahughes/r_pkg_tutorial","3.8-4",NA,"R (>= 3.5.0)","grDevices, graphics, stats, utils",NA,NA,NA,"GPL (>= 2)",NA,NA,NA,NA,"no","4.2.3"
"plyr","plyr","/home/v-mahughes/r_pkg_tutorial","1.8.9",NA,"R (>= 3.1.0)","Rcpp (>= 0.11.0)","Rcpp","abind, covr, doParallel, foreach, iterators, itertools,
tcltk, testthat",NA,"MIT + file LICENSE",NA,NA,NA,NA,"yes","4.2.3"
"png","png","/home/v-mahughes/r_pkg_tutorial","0.1-8",NA,"R (>= 2.9.0)",NA,NA,NA,NA,"GPL-2 | GPL-3",NA,NA,NA,NA,"yes","4.2.3"
"polyclip","polyclip","/home/v-mahughes/r_pkg_tutorial","1.10-6",NA,"R (>= 3.0.0)",NA,NA,NA,NA,"BSL",NA,NA,NA,NA,"yes","4.2.3"
"praise","praise","/home/v-mahughes/r_pkg_tutorial","1.0.0",NA,NA,NA,NA,"testthat",NA,"MIT + file LICENSE",NA,NA,NA,NA,"no","4.2.3"
"prettyunits","prettyunits","/home/v-mahughes/r_pkg_tutorial","1.2.0",NA,"R(>= 2.10)",NA,NA,"codetools, covr, testthat",NA,"MIT + file LICENSE",NA,NA,NA,NA,"no","4.2.3"
"processx","processx","/home/v-mahughes/r_pkg_tutorial","3.8.3",NA,"R (>= 3.4.0)","ps (>= 1.2.0), R6, utils",NA,"callr (>= 3.7.3), cli (>= 3.3.0), codetools, covr, curl,
debugme, parallel, rlang (>= 1.0.2), testthat (>= 3.0.0),
webfakes, withr",NA,"MIT + file LICENSE",NA,NA,NA,NA,"yes","4.2.3"
"profmem","profmem","/home/v-mahughes/r_pkg_tutorial","0.6.0",NA,NA,"utils",NA,"R.rsp, markdown, microbenchmark",NA,"LGPL (>= 2.1)",NA,NA,NA,NA,"no","4.2.3"
"profvis","profvis","/home/v-mahughes/r_pkg_tutorial","0.3.8",NA,"R (>= 3.0)","htmlwidgets (>= 0.3.2), purrr, rlang (>= 0.4.9), stringr,
vctrs",NA,"knitr, ggplot2, rmarkdown, testthat (>= 3.0.0), devtools,
shiny, htmltools",NA,"GPL-3 | file LICENSE",NA,NA,NA,NA,"yes","4.2.3"
"progress","progress","/home/v-mahughes/r_pkg_tutorial","1.2.3",NA,"R (>= 3.6)","crayon, hms, prettyunits, R6",NA,"Rcpp, testthat (>= 3.0.0), withr",NA,"MIT + file LICENSE",NA,NA,NA,NA,"no","4.2.3"
"progressr","progressr","/home/v-mahughes/r_pkg_tutorial","0.14.0",NA,"R (>= 3.5.0)","digest, utils",NA,"graphics, tcltk, beepr, cli, crayon, pbmcapply, progress,
purrr, foreach, plyr, doFuture, future, future.apply, furrr,
RPushbullet, rstudioapi, shiny, commonmark, base64enc, tools",NA,"GPL (>= 3)",NA,NA,NA,NA,"no","4.2.3"
"promises","promises","/home/v-mahughes/r_pkg_tutorial","1.2.1",NA,NA,"fastmap (>= 1.1.0), later, magrittr (>= 1.5), R6, Rcpp, rlang,
stats","later, Rcpp","future (>= 1.21.0), knitr, purrr, rmarkdown, spelling,
testthat, vembedr",NA,"MIT + file LICENSE",NA,NA,NA,NA,"yes","4.2.3"
"proxy","proxy","/home/v-mahughes/r_pkg_tutorial","0.4-27",NA,"R (>= 3.4.0)","stats, utils",NA,"cba",NA,"GPL-2",NA,NA,NA,NA,"yes","4.2.3"
"ps","ps","/home/v-mahughes/r_pkg_tutorial","1.7.6",NA,"R (>= 3.4)","utils",NA,"callr, covr, curl, pillar, pingr, processx (>= 3.1.0), R6,
rlang, testthat (>= 3.0.0), webfakes",NA,"MIT + file LICENSE",NA,NA,NA,NA,"yes","4.2.3"
"purrr","purrr","/home/v-mahughes/r_pkg_tutorial","1.0.2",NA,"R (>= 3.5.0)","cli (>= 3.6.1), lifecycle (>= 1.0.3), magrittr (>= 1.5.0),
rlang (>= 1.1.1), vctrs (>= 0.6.3)","cli","covr, dplyr (>= 0.7.8), httr, knitr, lubridate, rmarkdown,
testthat (>= 3.0.0), tibble, tidyselect",NA,"MIT + file LICENSE",NA,NA,NA,NA,"yes","4.2.3"
"quantreg","quantreg","/home/v-mahughes/r_pkg_tutorial","5.97",NA,"R (>= 3.5), stats, SparseM","methods, graphics, Matrix, MatrixModels, survival, MASS",NA,"interp, rgl, logspline, nor1mix, Formula, zoo, R.rsp, conquer",NA,"GPL (>= 2)",NA,NA,NA,NA,"yes","4.2.3"
"qvalue","qvalue","/home/v-mahughes/r_pkg_tutorial","2.30.0",NA,"R(>= 2.10)","splines, ggplot2, grid, reshape2",NA,"knitr",NA,"LGPL",NA,NA,NA,NA,"no","4.2.3"
"R.methodsS3","R.methodsS3","/home/v-mahughes/r_pkg_tutorial","1.8.2",NA,"R (>= 2.13.0)","utils",NA,"codetools",NA,"LGPL (>= 2.1)",NA,NA,NA,NA,"no","4.2.3"
"R.oo","R.oo","/home/v-mahughes/r_pkg_tutorial","1.26.0",NA,"R (>= 2.13.0), R.methodsS3 (>= 1.8.2)","methods, utils",NA,"tools",NA,"LGPL (>= 2.1)",NA,NA,NA,NA,"no","4.2.3"
"R.utils","R.utils","/home/v-mahughes/r_pkg_tutorial","2.12.3",NA,"R (>= 2.14.0), R.oo","methods, utils, tools, R.methodsS3",NA,"datasets, digest (>= 0.6.10)",NA,"LGPL (>= 2.1)",NA,NA,NA,NA,"no","4.2.3"
"R6","R6","/home/v-mahughes/r_pkg_tutorial","2.5.1",NA,"R (>= 3.0)",NA,NA,"testthat, pryr",NA,"MIT + file LICENSE",NA,NA,NA,NA,"no","4.2.3"
"ragg","ragg","/home/v-mahughes/r_pkg_tutorial","1.2.7",NA,NA,"systemfonts (>= 1.0.3), textshaping (>= 0.3.0)","systemfonts, textshaping","covr, graphics, grid, testthat (>= 3.0.0)",NA,"MIT + file LICENSE",NA,NA,NA,NA,"yes","4.2.3"
"RANN","RANN","/home/v-mahughes/r_pkg_tutorial","2.6.1",NA,NA,NA,NA,"testthat",NA,"GPL (>= 3)",NA,NA,NA,NA,"yes","4.2.3"
"rappdirs","rappdirs","/home/v-mahughes/r_pkg_tutorial","0.3.3",NA,"R (>= 3.2)",NA,NA,"roxygen2, testthat (>= 3.0.0), covr, withr",NA,"MIT + file LICENSE",NA,NA,NA,NA,"yes","4.2.3"
"rbibutils","rbibutils","/home/v-mahughes/r_pkg_tutorial","2.2.16",NA,"R (>= 2.10)","utils, tools",NA,"testthat",NA,"GPL-2",NA,NA,NA,NA,"yes","4.2.3"
"rcmdcheck","rcmdcheck","/home/v-mahughes/r_pkg_tutorial","1.4.0",NA,NA,"callr (>= 3.1.1.9000), cli (>= 3.0.0), curl, desc (>= 1.2.0),
digest, pkgbuild, prettyunits, R6, rprojroot, sessioninfo (>=
1.1.1), utils, withr, xopen",NA,"covr, knitr, mockery, processx, ps, rmarkdown, svglite,
testthat, webfakes",NA,"MIT + file LICENSE",NA,NA,NA,NA,"no","4.2.3"
"RColorBrewer","RColorBrewer","/home/v-mahughes/r_pkg_tutorial","1.1-3",NA,"R (>= 2.0.0)",NA,NA,NA,NA,"Apache License 2.0",NA,NA,NA,NA,"no","4.2.3"
"Rcpp","Rcpp","/home/v-mahughes/r_pkg_tutorial","1.0.12",NA,NA,"methods, utils",NA,"tinytest, inline, rbenchmark, pkgKitten (>= 0.1.2)",NA,"GPL (>= 2)",NA,NA,NA,NA,"yes","4.2.3"
"RcppAnnoy","RcppAnnoy","/home/v-mahughes/r_pkg_tutorial","0.0.22",NA,"R (>= 3.1)","methods, Rcpp","Rcpp","tinytest",NA,"GPL (>= 2)",NA,NA,NA,NA,"yes","4.2.3"
"RcppArmadillo","RcppArmadillo","/home/v-mahughes/r_pkg_tutorial","0.12.8.0.0",NA,"R (>= 3.3.0)","Rcpp (>= 0.11.0), stats, utils, methods","Rcpp","tinytest, Matrix (>= 1.3.0), pkgKitten, reticulate, slam",NA,"GPL (>= 2)",NA,NA,NA,NA,"yes","4.2.3"
"RcppEigen","RcppEigen","/home/v-mahughes/r_pkg_tutorial","0.3.3.9.4",NA,"R (>= 3.6.0)","Rcpp (>= 0.11.0), stats, utils","Rcpp","Matrix, inline, tinytest, pkgKitten, microbenchmark",NA,"GPL (>= 2) | file LICENSE",NA,NA,NA,NA,"yes","4.2.3"
"RcppHNSW","RcppHNSW","/home/v-mahughes/r_pkg_tutorial","0.6.0",NA,NA,"methods, Rcpp (>= 0.11.3)","Rcpp","covr, testthat",NA,"GPL (>= 3)",NA,NA,NA,NA,"yes","4.2.3"
"RcppParallel","RcppParallel","/home/v-mahughes/r_pkg_tutorial","5.1.7",NA,"R (>= 3.0.2)",NA,NA,"Rcpp, RUnit, knitr, rmarkdown",NA,"GPL (>= 3)",NA,NA,NA,NA,"yes","4.2.3"
"RcppProgress","RcppProgress","/home/v-mahughes/r_pkg_tutorial","0.4.2",NA,NA,NA,NA,"RcppArmadillo, devtools, roxygen2, testthat",NA,"GPL (>= 3)",NA,NA,NA,NA,"no","4.2.3"
"RcppTOML","RcppTOML","/home/v-mahughes/r_pkg_tutorial","0.2.2",NA,"R (>= 3.3.0)","Rcpp (>= 0.11.5)","Rcpp","tinytest",NA,"GPL (>= 2)",NA,NA,NA,NA,"yes","4.2.3"
"RCurl","RCurl","/home/v-mahughes/r_pkg_tutorial","1.98-1.14",NA,"R (>= 3.4.0), methods","bitops",NA,"XML",NA,"BSD_3_clause + file LICENSE",NA,NA,NA,NA,"yes","4.2.3"
"Rdpack","Rdpack","/home/v-mahughes/r_pkg_tutorial","2.6",NA,"R (>= 2.15.0), methods","tools, utils, rbibutils (>= 1.3)",NA,"grDevices, testthat, rstudioapi, rprojroot, gbRd",NA,"GPL (>= 2)",NA,NA,NA,NA,"no","4.2.3"
"reactable","reactable","/home/v-mahughes/r_pkg_tutorial","0.4.4",NA,"R (>= 3.1)","digest, htmltools (>= 0.5.2), htmlwidgets (>= 1.5.3),
jsonlite, reactR",NA,"covr, crosstalk, dplyr, fontawesome, knitr, leaflet, MASS,
rmarkdown, shiny, sparkline, testthat, tippy, V8",NA,"MIT + file LICENSE",NA,NA,NA,NA,"no","4.2.3"
"reactR","reactR","/home/v-mahughes/r_pkg_tutorial","0.5.0",NA,NA,"htmltools",NA,"htmlwidgets (>= 1.5.3), rmarkdown, shiny, V8, knitr, usethis,
jsonlite",NA,"MIT + file LICENSE",NA,NA,NA,NA,"no","4.2.3"
"readr","readr","/home/v-mahughes/r_pkg_tutorial","2.1.5",NA,"R (>= 3.6)","cli (>= 3.2.0), clipr, crayon, hms (>= 0.4.1), lifecycle (>=
0.2.0), methods, R6, rlang, tibble, utils, vroom (>= 1.6.0)","cpp11, tzdb (>= 0.1.1)","covr, curl, datasets, knitr, rmarkdown, spelling, stringi,
testthat (>= 3.2.0), tzdb (>= 0.1.1), waldo, withr, xml2",NA,"MIT + file LICENSE",NA,NA,NA,NA,"yes","4.2.3"
"readxl","readxl","/home/v-mahughes/r_pkg_tutorial","1.4.3",NA,"R (>= 3.6)","cellranger, tibble (>= 2.0.1), utils","cpp11 (>= 0.4.0), progress","covr, knitr, rmarkdown, testthat (>= 3.1.6), withr",NA,"MIT + file LICENSE",NA,NA,NA,NA,"yes","4.2.3"
"rematch","rematch","/home/v-mahughes/r_pkg_tutorial","2.0.0",NA,NA,NA,NA,"covr, testthat",NA,"MIT + file LICENSE",NA,NA,NA,NA,"no","4.2.3"
"rematch2","rematch2","/home/v-mahughes/r_pkg_tutorial","2.1.2",NA,NA,"tibble",NA,"covr, testthat",NA,"MIT + file LICENSE",NA,NA,NA,NA,"no","4.2.3"
"remotes","remotes","/home/v-mahughes/r_pkg_tutorial","2.4.2.1",NA,"R (>= 3.0.0)","methods, stats, tools, utils",NA,"brew, callr, codetools, curl, covr, git2r (>= 0.23.0), knitr,
mockery, pkgbuild (>= 1.0.1), pingr, rmarkdown, rprojroot,
testthat, webfakes, withr",NA,"MIT + file LICENSE",NA,NA,NA,NA,"no","4.2.3"
"reprex","reprex","/home/v-mahughes/r_pkg_tutorial","2.1.0",NA,"R (>= 3.6)","callr (>= 3.6.0), cli (>= 3.2.0), clipr (>= 0.4.0), fs, glue,
knitr (>= 1.23), lifecycle, rlang (>= 1.0.0), rmarkdown,
rstudioapi, utils, withr (>= 2.3.0)",NA,"covr, fortunes, miniUI, rprojroot, sessioninfo, shiny,
spelling, styler (>= 1.2.0), testthat (>= 3.0.2)",NA,"MIT + file LICENSE",NA,NA,NA,NA,"no","4.2.3"
"reshape2","reshape2","/home/v-mahughes/r_pkg_tutorial","1.4.4",NA,"R (>= 3.1)","plyr (>= 1.8.1), Rcpp, stringr","Rcpp","covr, lattice, testthat (>= 0.8.0)",NA,"MIT + file LICENSE",NA,NA,NA,NA,"yes","4.2.3"
"reticulate","reticulate","/home/v-mahughes/r_pkg_tutorial","1.35.0",NA,"R (>= 3.5)","Matrix, Rcpp (>= 1.0.7), RcppTOML, graphics, here, jsonlite,
methods, png, rappdirs, utils, rlang, withr","Rcpp","callr, knitr, glue, cli, rmarkdown, pillar, testthat",NA,"Apache License 2.0",NA,NA,NA,NA,"yes","4.2.3"
"rex","rex","/home/v-mahughes/r_pkg_tutorial","1.2.1",NA,NA,"lazyeval",NA,"covr, dplyr, ggplot2, Hmisc, knitr, magrittr, rmarkdown,
roxygen2, rvest, stringr, testthat",NA,"MIT + file LICENSE",NA,NA,NA,NA,"no","4.2.3"
"RhpcBLASctl","RhpcBLASctl","/home/v-mahughes/r_pkg_tutorial","0.23-42",NA,NA,NA,NA,NA,NA,"AGPL-3",NA,NA,NA,NA,"yes","4.2.3"
"rhub","rhub","/home/v-mahughes/r_pkg_tutorial","1.1.2",NA,NA,"assertthat, callr, cli (>= 1.1.0), crayon, desc, digest, httr,
jsonlite, parsedate, pillar, prettyunits, processx, R6,
rappdirs, rcmdcheck (>= 1.2.1), rematch, tibble, utils, uuid,
whoami, withr",NA,"covr, testthat, knitr, rmarkdown",NA,"MIT + file LICENSE",NA,NA,NA,NA,"no","4.2.3"
"rjson","rjson","/home/v-mahughes/r_pkg_tutorial","0.2.21",NA,"R (>= 4.0.0)",NA,NA,NA,NA,"GPL-2",NA,NA,NA,NA,"yes","4.2.3"
"rlang","rlang","/home/v-mahughes/r_pkg_tutorial","1.1.3",NA,"R (>= 3.5.0)","utils",NA,"cli (>= 3.1.0), covr, crayon, fs, glue, knitr, magrittr,
methods, pillar, rmarkdown, stats, testthat (>= 3.0.0), tibble,
usethis, vctrs (>= 0.2.3), withr","winch","MIT + file LICENSE",NA,NA,NA,NA,"yes","4.2.3"
"rmarkdown","rmarkdown","/home/v-mahughes/r_pkg_tutorial","2.25",NA,"R (>= 3.0)","bslib (>= 0.2.5.1), evaluate (>= 0.13), fontawesome (>=
0.5.0), htmltools (>= 0.5.1), jquerylib, jsonlite, knitr (>=
1.22), methods, stringr (>= 1.2.0), tinytex (>= 0.31), tools,
utils, xfun (>= 0.36), yaml (>= 2.1.19)",NA,"digest, dygraphs, fs, rsconnect, downlit (>= 0.4.0), katex
(>= 1.4.0), sass (>= 0.4.0), shiny (>= 1.6.0), testthat (>=
3.0.3), tibble, vctrs, cleanrmd, withr (>= 2.4.2)",NA,"GPL-3",NA,NA,NA,NA,"no","4.2.3"
"robustbase","robustbase","/home/v-mahughes/r_pkg_tutorial","0.99-2",NA,"R (>= 3.5.0)","stats, graphics, utils, methods, DEoptimR",NA,"grid, MASS, lattice, boot, cluster, Matrix, robust,
fit.models, MPV, xtable, ggplot2, GGally, RColorBrewer,
reshape2, sfsmisc, catdata, doParallel, foreach, skewt","robustX, rrcov, matrixStats, quantreg, Hmisc","GPL (>= 2)",NA,NA,NA,NA,"yes","4.2.3"
"ROCR","ROCR","/home/v-mahughes/r_pkg_tutorial","1.0-11",NA,"R (>= 3.6)","methods, graphics, grDevices, gplots, stats",NA,"testthat, knitr, rmarkdown",NA,"GPL (>= 2)",NA,NA,NA,NA,"no","4.2.3"
"roxygen2","roxygen2","/home/v-mahughes/r_pkg_tutorial","7.3.1",NA,"R (>= 3.6)","brew, cli (>= 3.3.0), commonmark, desc (>= 1.2.0), knitr,
methods, pkgload (>= 1.0.2), purrr (>= 1.0.0), R6 (>= 2.1.2),
rlang (>= 1.0.6), stringi, stringr (>= 1.0.0), utils, withr,
xml2","cpp11","covr, R.methodsS3, R.oo, rmarkdown (>= 2.16), testthat (>=
3.1.2), yaml",NA,"MIT + file LICENSE",NA,NA,NA,NA,"yes","4.2.3"
"rprojroot","rprojroot","/home/v-mahughes/r_pkg_tutorial","2.0.4",NA,"R (>= 3.0.0)",NA,NA,"covr, knitr, lifecycle, mockr, rlang, rmarkdown, testthat (>=
3.0.0), withr",NA,"MIT + file LICENSE",NA,NA,NA,NA,"no","4.2.3"
"RSpectra","RSpectra","/home/v-mahughes/r_pkg_tutorial","0.16-1",NA,"R (>= 3.0.2)","Matrix (>= 1.1-0), Rcpp (>= 0.11.5)","Rcpp, RcppEigen (>= 0.3.3.3.0)","knitr, rmarkdown, prettydoc",NA,"MPL (>= 2)",NA,NA,NA,NA,"yes","4.2.3"
"RSQLite","RSQLite","/home/v-mahughes/r_pkg_tutorial","2.3.5",NA,"R (>= 3.1.0)","bit64, blob (>= 1.2.0), DBI (>= 1.2.0), memoise, methods,
pkgconfig, rlang","plogr (>= 0.2.0), cpp11 (>= 0.4.0)","callr, DBItest (>= 1.8.0), gert, gh, hms, knitr, magrittr,
rmarkdown, rvest, testthat (>= 3.0.0), withr, xml2",NA,"LGPL (>= 2.1)",NA,NA,NA,NA,"yes","4.2.3"
"rstudioapi","rstudioapi","/home/v-mahughes/r_pkg_tutorial","0.15.0",NA,NA,NA,NA,"testthat, knitr, rmarkdown, clipr, covr",NA,"MIT + file LICENSE",NA,NA,NA,NA,"no","4.2.3"
"rsvd","rsvd","/home/v-mahughes/r_pkg_tutorial","1.0.5",NA,"R (>= 4.0.0)","Matrix",NA,"ggplot2, testthat",NA,"GPL (>= 3)",NA,NA,NA,NA,"no","4.2.3"
"Rtsne","Rtsne","/home/v-mahughes/r_pkg_tutorial","0.17",NA,NA,"Rcpp (>= 0.11.0), stats","Rcpp","irlba, testthat",NA,"file LICENSE","yes",NA,NA,NA,"yes","4.2.3"
"rversions","rversions","/home/v-mahughes/r_pkg_tutorial","2.1.2",NA,NA,"curl, utils, xml2 (>= 1.0.0)",NA,"covr, mockery, testthat",NA,"MIT + file LICENSE",NA,NA,NA,NA,"no","4.2.3"
"rvest","rvest","/home/v-mahughes/r_pkg_tutorial","1.0.3",NA,"R (>= 3.2)","glue, cli, httr (>= 0.5), lifecycle (>= 1.0.0), magrittr,
rlang (>= 1.0.0), selectr, tibble, xml2 (>= 1.3), withr",NA,"covr, knitr, readr, repurrrsive, rmarkdown, spelling, stringi
(>= 0.3.1), testthat (>= 3.0.2), webfakes",NA,"MIT + file LICENSE",NA,NA,NA,NA,"no","4.2.3"
"s2","s2","/home/v-mahughes/r_pkg_tutorial","1.1.6",NA,"R (>= 3.0.0)","Rcpp, wk (>= 0.6.0)","Rcpp, wk","bit64, testthat (>= 3.0.0), vctrs",NA,"Apache License (== 2.0)",NA,NA,NA,NA,"yes","4.2.3"
"S4Vectors","S4Vectors","/home/v-mahughes/r_pkg_tutorial","0.36.2",NA,"R (>= 4.0.0), methods, utils, stats, stats4, BiocGenerics (>=
0.37.0)",NA,NA,"IRanges, GenomicRanges, SummarizedExperiment, Matrix,
DelayedArray, ShortRead, graph, data.table, RUnit, BiocStyle",NA,"Artistic-2.0",NA,NA,NA,NA,"yes","4.2.3"
"sandwich","sandwich","/home/v-mahughes/r_pkg_tutorial","3.1-0",NA,"R (>= 3.0.0)","stats, utils, zoo",NA,"AER, car, geepack, lattice, lme4, lmtest, MASS, multiwayvcov,
parallel, pcse, plm, pscl, scatterplot3d, stats4, strucchange,
survival",NA,"GPL-2 | GPL-3",NA,NA,NA,NA,"no","4.2.3"
"sass","sass","/home/v-mahughes/r_pkg_tutorial","0.4.8",NA,NA,"fs (>= 1.2.4), rlang (>= 0.4.10), htmltools (>= 0.5.1), R6,
rappdirs",NA,"testthat, knitr, rmarkdown, withr, shiny, curl",NA,"MIT + file LICENSE",NA,NA,NA,NA,"yes","4.2.3"
"scales","scales","/home/v-mahughes/r_pkg_tutorial","1.3.0",NA,"R (>= 3.6)","cli, farver (>= 2.0.3), glue, labeling, lifecycle, munsell (>=
0.5), R6, RColorBrewer, rlang (>= 1.0.0), viridisLite",NA,"bit64, covr, dichromat, ggplot2, hms (>= 0.5.0), stringi,
testthat (>= 3.0.0)",NA,"MIT + file LICENSE",NA,NA,NA,NA,"yes","4.2.3"
"scattermore","scattermore","/home/v-mahughes/r_pkg_tutorial","1.2",NA,NA,"ggplot2, scales, grid, grDevices, graphics",NA,"covr, knitr, rmarkdown, testthat",NA,"GPL (>= 3)",NA,NA,NA,NA,"yes","4.2.3"
"scatterpie","scatterpie","/home/v-mahughes/r_pkg_tutorial","0.2.1",NA,"R (>= 4.1.0), ggplot2","ggforce, rlang, ggfun, stats, tidyr, dplyr, utils",NA,"knitr, rmarkdown, prettydoc, maps, scales",NA,"Artistic-2.0",NA,NA,NA,NA,"no","4.2.3"
"sctransform","sctransform","/home/v-mahughes/r_pkg_tutorial","0.4.1",NA,"R (>= 3.6.0)","dplyr, magrittr, MASS, Matrix (>= 1.5-0), methods,
future.apply, future, ggplot2, reshape2, rlang, gridExtra,
matrixStats","RcppArmadillo, Rcpp (>= 0.11.0)","irlba, testthat, knitr","glmGamPoi","GPL-3 | file LICENSE",NA,NA,NA,NA,"yes","4.2.3"
"segmented","segmented","/home/v-mahughes/r_pkg_tutorial","2.0-2",NA,"MASS, nlme",NA,NA,NA,NA,"GPL",NA,NA,NA,NA,"no","4.2.3"
"selectr","selectr","/home/v-mahughes/r_pkg_tutorial","0.4-2",NA,"R (>= 3.0)","methods, stringr, R6",NA,"testthat, XML, xml2",NA,"BSD_3_clause + file LICENCE",NA,NA,NA,NA,"no","4.2.3"
"sessioninfo","sessioninfo","/home/v-mahughes/r_pkg_tutorial","1.2.2",NA,"R (>= 2.10)","cli (>= 3.1.0), tools, utils",NA,"callr, covr, mockery, reticulate, rmarkdown, testthat, withr",NA,"GPL-2",NA,NA,NA,NA,"no","4.2.3"
"Seurat","Seurat","/home/v-mahughes/r_pkg_tutorial","5.0.1",NA,"R (>= 4.0.0), methods, SeuratObject (>= 5.0.0)","cluster, cowplot, fastDummies, fitdistrplus, future,
future.apply, generics (>= 0.1.3), ggplot2 (>= 3.3.0), ggrepel,
ggridges, graphics, grDevices, grid, httr, ica, igraph, irlba,
jsonlite, KernSmooth, leiden (>= 0.3.1), lifecycle, lmtest,
MASS, Matrix (>= 1.5-0), matrixStats, miniUI, patchwork,
pbapply, plotly (>= 4.9.0), png, progressr, purrr, RANN,
RColorBrewer, Rcpp (>= 1.0.7), RcppAnnoy (>= 0.0.18), RcppHNSW,
reticulate, rlang, ROCR, RSpectra, Rtsne, scales, scattermore
(>= 1.2), sctransform (>= 0.4.1), shiny, spatstat.explore,
spatstat.geom, stats, tibble, tools, utils, uwot (>= 0.1.10)","Rcpp (>= 0.11.0), RcppEigen, RcppProgress","ape, BPCells, rsvd, testthat, hdf5r, S4Vectors,
SummarizedExperiment, SingleCellExperiment, MAST, DESeq2,
BiocGenerics, GenomicRanges, GenomeInfoDb, IRanges,
rtracklayer, Rfast2, monocle, Biobase, VGAM, limma, metap,
enrichR, mixtools, ggrastr, data.table, R.utils, presto,
DelayedArray, harmony",NA,"MIT + file LICENSE",NA,NA,NA,NA,"yes","4.2.3"
"SeuratObject","SeuratObject","/home/v-mahughes/r_pkg_tutorial","5.0.1",NA,"R (>= 4.0.0), sp (>= 1.5.0)","future, future.apply, grDevices, grid, Matrix (>= 1.6.3),
methods, progressr, Rcpp (>= 1.0.5), rlang (>= 0.4.7), stats,
tools, utils, spam, lifecycle, generics","Rcpp, RcppEigen","DelayedArray, fs (>= 1.5.2), ggplot2, HDF5Array, rmarkdown,
testthat, BPCells, sf (>= 1.0.0)","Seurat","MIT + file LICENSE",NA,NA,NA,NA,"yes","4.2.3"
"sfsmisc","sfsmisc","/home/v-mahughes/r_pkg_tutorial","1.1-17",NA,"R (>= 3.3.0)","grDevices, utils, stats, tools",NA,"datasets, tcltk, cluster, lattice, MASS, Matrix, nlme,
lokern, Rmpfr, gmp","mgcv, rpart, nor1mix, polycor, sm, tikzDevice, e1071, Hmisc,
pastecs, polynom, robustbase","GPL (>= 2)",NA,NA,NA,NA,"no","4.2.3"
"shadowtext","shadowtext","/home/v-mahughes/r_pkg_tutorial","0.1.3",NA,"R (>= 3.4.0)","ggplot2, grid, scales",NA,"knitr, rmarkdown, prettydoc",NA,"Artistic-2.0",NA,NA,NA,NA,"no","4.2.3"
"shape","shape","/home/v-mahughes/r_pkg_tutorial","1.4.6",NA,"R (>= 2.01)","stats, graphics, grDevices",NA,NA,NA,"GPL (>= 3)",NA,NA,NA,NA,"no","4.2.3"
"shiny","shiny","/home/v-mahughes/r_pkg_tutorial","1.8.0",NA,"R (>= 3.0.2), methods","utils, grDevices, httpuv (>= 1.5.2), mime (>= 0.3), jsonlite
(>= 0.9.16), xtable, fontawesome (>= 0.4.0), htmltools (>=
0.5.4), R6 (>= 2.0), sourcetools, later (>= 1.0.0), promises
(>= 1.1.0), tools, crayon, rlang (>= 0.4.10), fastmap (>=
1.1.1), withr, commonmark (>= 1.7), glue (>= 1.3.2), bslib (>=
0.3.0), cachem, ellipsis, lifecycle (>= 0.2.0)",NA,"datasets, Cairo (>= 1.5-5), testthat (>= 3.0.0), knitr (>=
1.6), markdown, rmarkdown, ggplot2, reactlog (>= 1.0.0),
magrittr, yaml, future, dygraphs, ragg, showtext, sass",NA,"GPL-3 | file LICENSE",NA,NA,NA,NA,"no","4.2.3"
"SingleCellExperiment","SingleCellExperiment","/home/v-mahughes/r_pkg_tutorial","1.20.1",NA,"SummarizedExperiment","methods, utils, stats, S4Vectors, BiocGenerics, GenomicRanges,
DelayedArray",NA,"testthat, BiocStyle, knitr, rmarkdown, Matrix, scRNAseq (>=
2.9.1), Rtsne",NA,"GPL-3",NA,NA,NA,NA,"no","4.2.3"
"sitmo","sitmo","/home/v-mahughes/r_pkg_tutorial","2.0.2",NA,"R (>= 3.2.0)","Rcpp (>= 0.12.13)","Rcpp","knitr, rmarkdown, ggplot2",NA,"MIT + file LICENSE",NA,NA,NA,NA,"yes","4.2.3"
"sn","sn","/home/v-mahughes/r_pkg_tutorial","2.1.1",NA,"R (>= 3.0.0), methods, stats4","mnormt (>= 2.0.0), numDeriv, utils, quantreg",NA,"R.rsp",NA,"GPL-2 | GPL-3",NA,NA,NA,NA,"no","4.2.3"
"snow","snow","/home/v-mahughes/r_pkg_tutorial","0.4-4",NA,"R (>= 2.13.1), utils",NA,NA,"rlecuyer","Rmpi","GPL",NA,NA,NA,NA,"no","4.2.3"
"sourcetools","sourcetools","/home/v-mahughes/r_pkg_tutorial","0.1.7-1",NA,"R (>= 3.0.2)",NA,NA,"testthat",NA,"MIT + file LICENSE",NA,NA,NA,NA,"yes","4.2.3"
"sp","sp","/home/v-mahughes/r_pkg_tutorial","2.1-3",NA,"R (>= 3.5.0), methods","utils, stats, graphics, grDevices, lattice, grid",NA,"RColorBrewer, gstat, deldir, knitr, rmarkdown, sf, terra,
raster",NA,"GPL (>= 2)",NA,NA,NA,NA,"yes","4.2.3"
"spam","spam","/home/v-mahughes/r_pkg_tutorial","2.10-0",NA,"R (>= 3.5)","dotCall64, grid, methods, Rcpp (>= 1.0.8.3)","Rcpp","spam64, fields, Matrix, testthat, R.rsp, truncdist, knitr,
rmarkdown",NA,"LGPL-2 | BSD_3_clause + file LICENSE",NA,NA,NA,NA,"yes","4.2.3"
"SparseM","SparseM","/home/v-mahughes/r_pkg_tutorial","1.81",NA,"R (>= 2.15), methods","graphics, stats, utils",NA,NA,NA,"GPL (>= 2)",NA,NA,NA,NA,"yes","4.2.3"
"spatstat.data","spatstat.data","/home/v-mahughes/r_pkg_tutorial","3.0-4",NA,"R (>= 3.5.0)","spatstat.utils (>= 3.0-2), Matrix",NA,"spatstat.geom, spatstat.random, spatstat.explore,
spatstat.model, spatstat.linnet",NA,"GPL (>= 2)",NA,NA,NA,NA,"no","4.2.3"
"spatstat.explore","spatstat.explore","/home/v-mahughes/r_pkg_tutorial","3.2-6",NA,"R (>= 3.5.0), spatstat.data (>= 3.0-1), spatstat.geom (>=
3.2-8), spatstat.random (>= 3.2-1), stats, graphics, grDevices,
utils, methods, nlme","spatstat.utils (>= 3.0-3), spatstat.sparse (>= 3.0-1), goftest
(>= 1.2-2), Matrix, abind",NA,"sm, gsl, locfit, spatial, fftwtools (>= 0.9-8),
spatstat.linnet (>= 3.1), spatstat.model (>= 3.2-3), spatstat
(>= 3.0-5)",NA,"GPL (>= 2)",NA,NA,NA,NA,"yes","4.2.3"
"spatstat.geom","spatstat.geom","/home/v-mahughes/r_pkg_tutorial","3.2-8",NA,"R (>= 3.5.0), spatstat.data (>= 3.0), stats, graphics,
grDevices, utils, methods","spatstat.utils (>= 3.0-2), deldir (>= 1.0-2), polyclip (>=
1.10-0)",NA,"spatstat.random, spatstat.explore, spatstat.model,
spatstat.linnet, spatial, fftwtools (>= 0.9-8), spatstat (>=
3.0)",NA,"GPL (>= 2)",NA,NA,NA,NA,"yes","4.2.3"
"spatstat.random","spatstat.random","/home/v-mahughes/r_pkg_tutorial","3.2-2",NA,"R (>= 3.5.0), spatstat.data (>= 3.0), spatstat.geom (>=
3.2-1), stats, utils, methods, grDevices","spatstat.utils (>= 3.0-2)",NA,"spatial, spatstat.linnet (>= 3.0), spatstat.explore,
spatstat.model, spatstat (>= 3.0), gsl",NA,"GPL (>= 2)",NA,NA,NA,NA,"yes","4.2.3"
"spatstat.sparse","spatstat.sparse","/home/v-mahughes/r_pkg_tutorial","3.0-3",NA,"R (>= 3.5.0), stats, utils, methods, Matrix, abind, tensor","spatstat.utils (>= 3.0-2)",NA,NA,NA,"GPL (>= 2)",NA,NA,NA,NA,"yes","4.2.3"
"spatstat.utils","spatstat.utils","/home/v-mahughes/r_pkg_tutorial","3.0-4",NA,"R (>= 3.3.0), stats, graphics, grDevices, utils, methods",NA,NA,"spatstat.model",NA,"GPL (>= 2)",NA,NA,NA,NA,"yes","4.2.3"
"spelling","spelling","/home/v-mahughes/r_pkg_tutorial","2.2.1",NA,NA,"commonmark, xml2, hunspell (>= 3.0), knitr",NA,"pdftools",NA,"MIT + file LICENSE",NA,NA,NA,NA,"no","4.2.3"
"stringi","stringi","/home/v-mahughes/r_pkg_tutorial","1.8.3",NA,"R (>= 3.4)","tools, utils, stats",NA,NA,NA,"file LICENSE","yes",NA,NA,NA,"yes","4.2.3"
"stringr","stringr","/home/v-mahughes/r_pkg_tutorial","1.5.1",NA,"R (>= 3.6)","cli, glue (>= 1.6.1), lifecycle (>= 1.0.3), magrittr, rlang
(>= 1.0.0), stringi (>= 1.5.3), vctrs (>= 0.4.0)",NA,"covr, dplyr, gt, htmltools, htmlwidgets, knitr, rmarkdown,
testthat (>= 3.0.0), tibble",NA,"MIT + file LICENSE",NA,NA,NA,NA,"no","4.2.3"
"SummarizedExperiment","SummarizedExperiment","/home/v-mahughes/r_pkg_tutorial","1.28.0",NA,"R (>= 4.0.0), methods, MatrixGenerics (>= 1.1.3),
GenomicRanges (>= 1.41.5), Biobase","utils, stats, tools, Matrix, BiocGenerics (>= 0.37.0),
S4Vectors (>= 0.33.7), IRanges (>= 2.23.9), GenomeInfoDb (>=
1.13.1), DelayedArray (>= 0.15.10)",NA,"HDF5Array (>= 1.7.5), annotate, AnnotationDbi, hgu95av2.db,
GenomicFeatures, TxDb.Hsapiens.UCSC.hg19.knownGene, jsonlite,
rhdf5, airway (>= 1.15.1), BiocStyle, knitr, rmarkdown, RUnit,
testthat, digest",NA,"Artistic-2.0",NA,NA,NA,NA,"no","4.2.3"
"svglite","svglite","/home/v-mahughes/r_pkg_tutorial","2.1.3",NA,"R (>= 3.5.0)","systemfonts (>= 1.0.0)","cpp11, systemfonts","covr, fontquiver (>= 0.2.0), htmltools, knitr, rmarkdown,
testthat (>= 3.0.0), xml2 (>= 1.0.0)",NA,"GPL (>= 2)",NA,NA,NA,NA,"yes","4.2.3"
"sys","sys","/home/v-mahughes/r_pkg_tutorial","3.4.2",NA,NA,NA,NA,"unix (>= 1.4), spelling, testthat",NA,"MIT + file LICENSE",NA,NA,NA,NA,"yes","4.2.3"
"systemfonts","systemfonts","/home/v-mahughes/r_pkg_tutorial","1.0.5",NA,"R (>= 3.2.0)",NA,"cpp11 (>= 0.2.1)","covr, knitr, rmarkdown, testthat (>= 2.1.0), tools",NA,"MIT + file LICENSE",NA,NA,NA,NA,"yes","4.2.3"
"tensor","tensor","/home/v-mahughes/r_pkg_tutorial","1.5",NA,NA,NA,NA,NA,NA,"GPL (>= 2)",NA,NA,NA,NA,NA,"4.2.3"
"testthat","testthat","/home/v-mahughes/r_pkg_tutorial","3.2.1",NA,"R (>= 3.6.0)","brio (>= 1.1.3), callr (>= 3.7.3), cli (>= 3.6.1), desc (>=
1.4.2), digest (>= 0.6.33), evaluate (>= 0.21), jsonlite (>=
1.8.7), lifecycle (>= 1.0.3), magrittr (>= 2.0.3), methods,
pkgload (>= 1.3.2.1), praise (>= 1.0.0), processx (>= 3.8.2),
ps (>= 1.7.5), R6 (>= 2.5.1), rlang (>= 1.1.1), utils, waldo
(>= 0.5.1), withr (>= 2.5.0)",NA,"covr, curl (>= 0.9.5), diffviewer (>= 0.1.0), knitr,
rmarkdown, rstudioapi, shiny, usethis, vctrs (>= 0.1.0), xml2",NA,"MIT + file LICENSE",NA,NA,NA,NA,"yes","4.2.3"
"textshaping","textshaping","/home/v-mahughes/r_pkg_tutorial","0.3.7",NA,"R (>= 3.2.0)","systemfonts (>= 1.0.0)","cpp11 (>= 0.2.1), systemfonts (>= 1.0.0)","covr, knitr, rmarkdown",NA,"MIT + file LICENSE",NA,NA,NA,NA,"yes","4.2.3"
"TFisher","TFisher","/home/v-mahughes/r_pkg_tutorial","0.2.0",NA,NA,"stats, sn, mvtnorm, Matrix",NA,NA,NA,"GPL-2",NA,NA,NA,NA,"no","4.2.3"
"TH.data","TH.data","/home/v-mahughes/r_pkg_tutorial","1.1-2",NA,"R (>= 3.5.0), survival, MASS",NA,NA,"trtf, tram, rms, coin, ATR, multcomp, gridExtra, vcd,
colorspace, lattice, knitr",NA,"GPL-3",NA,NA,NA,NA,"no","4.2.3"
"tibble","tibble","/home/v-mahughes/r_pkg_tutorial","3.2.1",NA,"R (>= 3.4.0)","fansi (>= 0.4.0), lifecycle (>= 1.0.0), magrittr, methods,
pillar (>= 1.8.1), pkgconfig, rlang (>= 1.0.2), utils, vctrs
(>= 0.4.2)",NA,"bench, bit64, blob, brio, callr, cli, covr, crayon (>=
1.3.4), DiagrammeR, dplyr, evaluate, formattable, ggplot2,
here, hms, htmltools, knitr, lubridate, mockr, nycflights13,
pkgbuild, pkgload, purrr, rmarkdown, stringi, testthat (>=
3.0.2), tidyr, withr",NA,"MIT + file LICENSE",NA,NA,NA,NA,"yes","4.2.3"
"tidygraph","tidygraph","/home/v-mahughes/r_pkg_tutorial","1.3.1",NA,NA,"cli, dplyr (>= 0.8.5), igraph (>= 2.0.0), lifecycle, magrittr,
pillar, R6, rlang, stats, tibble, tidyr, tools, utils","cpp11","ape, covr, data.tree, graph, influenceR, methods, netrankr,
NetSwan, network, seriation, testthat (>= 3.0.0)",NA,"MIT + file LICENSE",NA,NA,NA,NA,"yes","4.2.3"
"tidyr","tidyr","/home/v-mahughes/r_pkg_tutorial","1.3.1",NA,"R (>= 3.6)","cli (>= 3.4.1), dplyr (>= 1.0.10), glue, lifecycle (>= 1.0.3),
magrittr, purrr (>= 1.0.1), rlang (>= 1.1.1), stringr (>=
1.5.0), tibble (>= 2.1.1), tidyselect (>= 1.2.0), utils, vctrs
(>= 0.5.2)","cpp11 (>= 0.4.0)","covr, data.table, knitr, readr, repurrrsive (>= 1.1.0),
rmarkdown, testthat (>= 3.0.0)",NA,"MIT + file LICENSE",NA,NA,NA,NA,"yes","4.2.3"
"tidyselect","tidyselect","/home/v-mahughes/r_pkg_tutorial","1.2.0",NA,"R (>= 3.4)","cli (>= 3.3.0), glue (>= 1.3.0), lifecycle (>= 1.0.3), rlang
(>= 1.0.4), vctrs (>= 0.4.1), withr",NA,"covr, crayon, dplyr, knitr, magrittr, rmarkdown, stringr,
testthat (>= 3.1.1), tibble (>= 2.1.3)",NA,"MIT + file LICENSE",NA,NA,NA,NA,"no","4.2.3"
"tidytree","tidytree","/home/v-mahughes/r_pkg_tutorial","0.4.6",NA,"R (>= 3.4.0)","ape, dplyr, lazyeval, magrittr, methods, rlang, tibble, tidyr,
tidyselect, yulab.utils (>= 0.0.4), pillar, cli",NA,"knitr, rmarkdown, prettydoc, testthat, utils",NA,"Artistic-2.0",NA,NA,NA,NA,"no","4.2.3"
"tidyverse","tidyverse","/home/v-mahughes/r_pkg_tutorial","2.0.0",NA,"R (>= 3.3)","broom (>= 1.0.3), conflicted (>= 1.2.0), cli (>= 3.6.0),
dbplyr (>= 2.3.0), dplyr (>= 1.1.0), dtplyr (>= 1.2.2), forcats
(>= 1.0.0), ggplot2 (>= 3.4.1), googledrive (>= 2.0.0),
googlesheets4 (>= 1.0.1), haven (>= 2.5.1), hms (>= 1.1.2),
httr (>= 1.4.4), jsonlite (>= 1.8.4), lubridate (>= 1.9.2),
magrittr (>= 2.0.3), modelr (>= 0.1.10), pillar (>= 1.8.1),
purrr (>= 1.0.1), ragg (>= 1.2.5), readr (>= 2.1.4), readxl (>=
1.4.2), reprex (>= 2.0.2), rlang (>= 1.0.6), rstudioapi (>=
0.14), rvest (>= 1.0.3), stringr (>= 1.5.0), tibble (>= 3.1.8),
tidyr (>= 1.3.0), xml2 (>= 1.3.3)",NA,"covr (>= 3.6.1), feather (>= 0.3.5), glue (>= 1.6.2), mockr
(>= 0.2.0), knitr (>= 1.41), rmarkdown (>= 2.20), testthat (>=
3.1.6)",NA,"MIT + file LICENSE",NA,NA,NA,NA,"no","4.2.3"
"timechange","timechange","/home/v-mahughes/r_pkg_tutorial","0.3.0",NA,"R (>= 3.3)",NA,"cpp11 (>= 0.2.7)","testthat (>= 0.7.1.99), knitr",NA,"GPL (>= 3)",NA,NA,NA,NA,"yes","4.2.3"
"tinytex","tinytex","/home/v-mahughes/r_pkg_tutorial","0.49",NA,NA,"xfun (>= 0.29)",NA,"testit, rstudioapi",NA,"MIT + file LICENSE",NA,NA,NA,NA,"no","4.2.3"
"treeio","treeio","/home/v-mahughes/r_pkg_tutorial","1.22.0",NA,"R (>= 3.6.0)","ape, dplyr, jsonlite, magrittr, methods, rlang, tibble,
tidytree (>= 0.3.9), utils",NA,"Biostrings, ggplot2, ggtree, igraph, knitr, rmarkdown,
phangorn, prettydoc, testthat, tidyr, vroom, xml2, yaml, purrr",NA,"Artistic-2.0",NA,NA,NA,NA,"no","4.2.3"
"tweenr","tweenr","/home/v-mahughes/r_pkg_tutorial","2.0.2",NA,"R (>= 3.2.0)","farver, magrittr, rlang, vctrs","cpp11 (>= 0.4.2)","testthat, covr",NA,"MIT + file LICENSE",NA,NA,NA,NA,"yes","4.2.3"
"tzdb","tzdb","/home/v-mahughes/r_pkg_tutorial","0.4.0",NA,"R (>= 3.5.0)",NA,"cpp11 (>= 0.4.2)","covr, testthat (>= 3.0.0)",NA,"MIT + file LICENSE",NA,NA,NA,NA,"yes","4.2.3"
"urlchecker","urlchecker","/home/v-mahughes/r_pkg_tutorial","1.0.1",NA,"R (>= 3.3)","cli, curl, tools, xml2",NA,"covr",NA,"GPL-3",NA,NA,NA,NA,"no","4.2.3"
"usethis","usethis","/home/v-mahughes/r_pkg_tutorial","2.2.2",NA,"R (>= 3.6)","cli (>= 3.0.1), clipr (>= 0.3.0), crayon, curl (>= 2.7), desc
(>= 1.4.2), fs (>= 1.3.0), gert (>= 1.4.1), gh (>= 1.2.1), glue
(>= 1.3.0), jsonlite, lifecycle (>= 1.0.0), purrr, rappdirs,
rlang (>= 1.1.0), rprojroot (>= 1.2), rstudioapi, stats, utils,
whisker, withr (>= 2.3.0), yaml",NA,"covr, knitr, magick, pkgload, rmarkdown, roxygen2 (>= 7.1.2),
spelling (>= 1.2), styler (>= 1.2.0), testthat (>= 3.1.8)",NA,"MIT + file LICENSE",NA,NA,NA,NA,"no","4.2.3"
"utf8","utf8","/home/v-mahughes/r_pkg_tutorial","1.2.4",NA,"R (>= 2.10)",NA,NA,"cli, covr, knitr, rlang, rmarkdown, testthat (>= 3.0.0),
withr",NA,"Apache License (== 2.0) | file LICENSE",NA,NA,NA,NA,"yes","4.2.3"
"uuid","uuid","/home/v-mahughes/r_pkg_tutorial","1.2-0",NA,"R (>= 2.9.0)",NA,NA,NA,NA,"MIT + file LICENSE",NA,NA,NA,NA,"yes","4.2.3"
"uwot","uwot","/home/v-mahughes/r_pkg_tutorial","0.1.16.9000",NA,"Matrix","FNN, irlba, methods, Rcpp, RcppAnnoy (>= 0.0.17)","dqrng, Rcpp, RcppAnnoy, RcppProgress","bigstatsr, covr, knitr, rmarkdown, RSpectra, testthat",NA,"GPL (>= 3)",NA,NA,NA,NA,"yes","4.2.3"
"V8","V8","/home/v-mahughes/r_pkg_tutorial","4.4.1",NA,NA,"Rcpp (>= 0.12.12), jsonlite (>= 1.0), curl (>= 1.0), utils","Rcpp","testthat, knitr, rmarkdown",NA,"MIT + file LICENSE",NA,NA,NA,NA,"yes","4.2.3"
"vctrs","vctrs","/home/v-mahughes/r_pkg_tutorial","0.6.5",NA,"R (>= 3.5.0)","cli (>= 3.4.0), glue, lifecycle (>= 1.0.3), rlang (>= 1.1.0)",NA,"bit64, covr, crayon, dplyr (>= 0.8.5), generics, knitr,
pillar (>= 1.4.4), pkgdown (>= 2.0.1), rmarkdown, testthat (>=
3.0.0), tibble (>= 3.1.3), waldo (>= 0.2.0), withr, xml2,
zeallot",NA,"MIT + file LICENSE",NA,NA,NA,NA,"yes","4.2.3"
"vdiffr","vdiffr","/home/v-mahughes/r_pkg_tutorial","1.0.7",NA,"R (>= 3.2.0)","diffobj, glue, grDevices, htmltools, lifecycle, rlang,
testthat (>= 3.0.3), xml2 (>= 1.0.0)","cpp11","covr, ggplot2 (>= 3.2.0), roxygen2, withr",NA,"MIT + file LICENSE",NA,NA,NA,NA,"yes","4.2.3"
"VennDiagram","VennDiagram","/home/v-mahughes/r_pkg_tutorial","1.7.3",NA,"R (>= 3.5.0), grid (>= 2.14.1), futile.logger","methods",NA,"testthat",NA,"GPL-2",NA,NA,NA,NA,"no","4.2.3"
"VGAM","VGAM","/home/v-mahughes/r_pkg_tutorial","1.1-9",NA,"R (>= 4.0.0), methods, stats, stats4, splines",NA,NA,"VGAMextra, MASS, mgcv","VGAMdata","GPL-3",NA,NA,NA,NA,"yes","4.2.3"
"vipor","vipor","/home/v-mahughes/r_pkg_tutorial","0.4.7",NA,"R (>= 3.5.0)","stats, graphics",NA,"testthat, beeswarm, lattice, ggplot2, beanplot, vioplot,
ggbeeswarm,",NA,"GPL (>= 2)",NA,NA,NA,NA,"no","4.2.3"
"viridis","viridis","/home/v-mahughes/r_pkg_tutorial","0.6.5",NA,"R (>= 2.10), viridisLite (>= 0.4.0)","ggplot2 (>= 1.0.1), gridExtra",NA,"hexbin (>= 1.27.0), scales, MASS, knitr, dichromat,
colorspace, httr, mapproj, vdiffr, svglite (>= 1.2.0),
testthat, covr, rmarkdown, maps, terra",NA,"MIT + file LICENSE",NA,NA,NA,NA,"no","4.2.3"
"viridisLite","viridisLite","/home/v-mahughes/r_pkg_tutorial","0.4.2",NA,"R (>= 2.10)",NA,NA,"hexbin (>= 1.27.0), ggplot2 (>= 1.0.1), testthat, covr",NA,"MIT + file LICENSE",NA,NA,NA,NA,"no","4.2.3"
"vroom","vroom","/home/v-mahughes/r_pkg_tutorial","1.6.5",NA,"R (>= 3.6)","bit64, cli (>= 3.2.0), crayon, glue, hms, lifecycle (>=
1.0.3), methods, rlang (>= 0.4.2), stats, tibble (>= 2.0.0),
tidyselect, tzdb (>= 0.1.1), vctrs (>= 0.2.0), withr","cpp11 (>= 0.2.0), progress (>= 1.2.1), tzdb (>= 0.1.1)","archive, bench (>= 1.1.0), covr, curl, dplyr, forcats, fs,
ggplot2, knitr, patchwork, prettyunits, purrr, rmarkdown,
rstudioapi, scales, spelling, testthat (>= 2.1.0), tidyr,
utils, waldo, xml2",NA,"MIT + file LICENSE",NA,NA,NA,NA,"yes","4.2.3"
"waldo","waldo","/home/v-mahughes/r_pkg_tutorial","0.5.2",NA,"R (>= 3.6)","cli, diffobj (>= 0.3.4), fansi, glue, methods, rematch2, rlang
(>= 1.0.0), tibble",NA,"covr, R6, testthat (>= 3.0.0), withr, xml2",NA,"MIT + file LICENSE",NA,NA,NA,NA,"no","4.2.3"
"whisker","whisker","/home/v-mahughes/r_pkg_tutorial","0.4.1",NA,NA,NA,NA,"markdown",NA,"GPL-3",NA,NA,NA,NA,"no","4.2.3"
"whoami","whoami","/home/v-mahughes/r_pkg_tutorial","1.3.0",NA,NA,"httr, jsonlite, utils",NA,"covr, mockery, testthat, withr",NA,"MIT + file LICENSE",NA,NA,NA,NA,"no","4.2.3"
"withr","withr","/home/v-mahughes/r_pkg_tutorial","3.0.0",NA,"R (>= 3.5.0)","graphics, grDevices,",NA,"callr, covr, DBI, knitr, lattice, methods, rlang, rmarkdown
(>= 2.12), RSQLite, testthat (>= 3.0.0)",NA,"MIT + file LICENSE",NA,NA,NA,NA,"no","4.2.3"
"wk","wk","/home/v-mahughes/r_pkg_tutorial","0.9.1",NA,"R (>= 2.10)",NA,NA,"testthat (>= 3.0.0), vctrs (>= 0.3.0), sf, tibble, readr",NA,"MIT + file LICENSE",NA,NA,NA,NA,"yes","4.2.3"
"WriteXLS","WriteXLS","/home/v-mahughes/r_pkg_tutorial","6.5.0",NA,NA,"utils",NA,NA,NA,"GPL (>= 2)",NA,NA,NA,NA,"no","4.2.3"
"xfun","xfun","/home/v-mahughes/r_pkg_tutorial","0.42",NA,NA,"grDevices, stats, tools",NA,"testit, parallel, codetools, rstudioapi, tinytex (>= 0.30),
mime, markdown (>= 1.5), knitr (>= 1.42), htmltools, remotes,
pak, rhub, renv, curl, jsonlite, magick, yaml, rmarkdown",NA,"MIT + file LICENSE",NA,NA,NA,NA,"yes","4.2.3"
"XML","XML","/home/v-mahughes/r_pkg_tutorial","3.99-0.16.1",NA,"R (>= 4.0.0), methods, utils",NA,NA,"bitops, RCurl",NA,"BSD_3_clause + file LICENSE",NA,NA,NA,NA,"yes","4.2.3"
"xml2","xml2","/home/v-mahughes/r_pkg_tutorial","1.3.6",NA,"R (>= 3.6.0)","cli, methods, rlang (>= 1.1.0)",NA,"covr, curl, httr, knitr, magrittr, mockery, rmarkdown,
testthat (>= 3.0.0)",NA,"MIT + file LICENSE",NA,NA,NA,NA,"yes","4.2.3"
"xmlparsedata","xmlparsedata","/home/v-mahughes/r_pkg_tutorial","1.0.5",NA,"R (>= 3.0.0)",NA,NA,"covr, testthat, xml2",NA,"MIT + file LICENSE",NA,NA,NA,NA,"no","4.2.3"
"xopen","xopen","/home/v-mahughes/r_pkg_tutorial","1.0.0",NA,"R (>= 3.1)","processx",NA,"ps, testthat",NA,"MIT + file LICENSE",NA,NA,NA,NA,"no","4.2.3"
"xtable","xtable","/home/v-mahughes/r_pkg_tutorial","1.8-4",NA,"R (>= 2.10.0)","stats, utils",NA,"knitr, plm, zoo, survival",NA,"GPL (>= 2)",NA,NA,NA,NA,"no","4.2.3"
"XVector","XVector","/home/v-mahughes/r_pkg_tutorial","0.38.0",NA,"R (>= 4.0.0), methods, BiocGenerics (>= 0.37.0), S4Vectors (>=
0.27.12), IRanges (>= 2.23.9)","methods, utils, tools, zlibbioc, BiocGenerics, S4Vectors,
IRanges","S4Vectors, IRanges","Biostrings, drosophila2probe, RUnit",NA,"Artistic-2.0",NA,NA,NA,NA,"yes","4.2.3"
"yaml","yaml","/home/v-mahughes/r_pkg_tutorial","2.3.8",NA,NA,NA,NA,"RUnit",NA,"BSD_3_clause + file LICENSE",NA,NA,NA,NA,"yes","4.2.3"
"yulab.utils","yulab.utils","/home/v-mahughes/r_pkg_tutorial","0.1.4",NA,NA,"cli, digest, fs, memoise, rlang, stats, tools, utils",NA,"httr, jsonlite, openssl",NA,"Artistic-2.0",NA,NA,NA,NA,"no","4.2.3"
"zip","zip","/home/v-mahughes/r_pkg_tutorial","2.3.1",NA,NA,NA,NA,"covr, processx, R6, testthat, withr",NA,"MIT + file LICENSE",NA,NA,NA,NA,"yes","4.2.3"
"zlibbioc","zlibbioc","/home/v-mahughes/r_pkg_tutorial","1.44.0",NA,NA,NA,NA,NA,NA,"Artistic-2.0 + file LICENSE",NA,NA,NA,NA,"yes","4.2.3"
"zoo","zoo","/home/v-mahughes/r_pkg_tutorial","1.8-12",NA,"R (>= 3.1.0), stats","utils, graphics, grDevices, lattice (>= 0.20-27)",NA,"AER, coda, chron, ggplot2 (>= 3.0.0), mondate, scales,
stinepack, strucchange, timeDate, timeSeries, tis, tseries, xts",NA,"GPL-2 | GPL-3",NA,NA,NA,NA,"yes","4.2.3"
"base","base","/usr/lib/R/library","4.2.3","base",NA,NA,NA,"methods",NA,"Part of R 4.2.3",NA,NA,NA,NA,NA,"4.2.3"
"boot","boot","/usr/lib/R/library","1.3-28","recommended","R (>= 3.0.0), graphics, stats",NA,NA,"MASS, survival",NA,"Unlimited",NA,NA,NA,NA,"no","4.0.5"
"class","class","/usr/lib/R/library","7.3-21","recommended","R (>= 3.0.0), stats, utils","MASS",NA,NA,NA,"GPL-2 | GPL-3",NA,NA,NA,NA,"yes","4.2.2"
"cluster","cluster","/usr/lib/R/library","2.1.4","recommended","R (>= 3.5.0)","graphics, grDevices, stats, utils",NA,"MASS, Matrix",NA,"GPL (>= 2)",NA,NA,NA,NA,"yes","4.2.1"
"codetools","codetools","/usr/lib/R/library","0.2-19","recommended","R (>= 2.1)",NA,NA,NA,NA,"GPL",NA,NA,NA,NA,"no","4.2.2"
"compiler","compiler","/usr/lib/R/library","4.2.3","base",NA,NA,NA,NA,NA,"Part of R 4.2.3",NA,NA,NA,NA,NA,"4.2.3"
"datasets","datasets","/usr/lib/R/library","4.2.3","base",NA,NA,NA,NA,NA,"Part of R 4.2.3",NA,NA,NA,NA,NA,"4.2.3"
"foreign","foreign","/usr/lib/R/library","0.8-82","recommended","R (>= 4.0.0)","methods, utils, stats",NA,NA,NA,"GPL (>= 2)",NA,NA,NA,NA,"yes","4.1.2"
"graphics","graphics","/usr/lib/R/library","4.2.3","base",NA,"grDevices",NA,NA,NA,"Part of R 4.2.3",NA,NA,NA,NA,"yes","4.2.3"
"grDevices","grDevices","/usr/lib/R/library","4.2.3","base",NA,NA,NA,"KernSmooth",NA,"Part of R 4.2.3",NA,NA,NA,NA,"yes","4.2.3"
"grid","grid","/usr/lib/R/library","4.2.3","base",NA,"grDevices, utils",NA,NA,NA,"Part of R 4.2.3",NA,NA,NA,NA,"yes","4.2.3"
"KernSmooth","KernSmooth","/usr/lib/R/library","2.23-20","recommended","R (>= 2.5.0), stats",NA,NA,"MASS, carData",NA,"Unlimited",NA,NA,NA,NA,"yes","4.0.5"
"lattice","lattice","/usr/lib/R/library","0.20-45","recommended","R (>= 3.0.0)","grid, grDevices, graphics, stats, utils",NA,"KernSmooth, MASS, latticeExtra","chron","GPL (>= 2)",NA,NA,NA,NA,"yes","4.2.0"
"MASS","MASS","/usr/lib/R/library","7.3-58.3","recommended","R (>= 3.3.0), grDevices, graphics, stats, utils","methods",NA,"lattice, nlme, nnet, survival",NA,"GPL-2 | GPL-3",NA,NA,NA,NA,"yes","4.2.3"
"Matrix.1","Matrix","/usr/lib/R/library","1.5-1","recommended","R (>= 3.5.0)","methods, graphics, grid, stats, utils, lattice",NA,"expm, MASS","MatrixModels, graph, SparseM, sfsmisc, igraph, maptools, sp,
spdep","GPL (>= 2) | file LICENCE",NA,NA,NA,NA,"yes","4.2.1"
"methods","methods","/usr/lib/R/library","4.2.3","base",NA,"utils, stats",NA,"codetools",NA,"Part of R 4.2.3",NA,NA,NA,NA,"yes","4.2.3"
"mgcv","mgcv","/usr/lib/R/library","1.8-42","recommended","R (>= 3.6.0), nlme (>= 3.1-64)","methods, stats, graphics, Matrix, splines, utils",NA,"parallel, survival, MASS",NA,"GPL (>= 2)",NA,NA,NA,NA,"yes","4.2.3"
"nlme","nlme","/usr/lib/R/library","3.1-162","recommended","R (>= 3.5.0)","graphics, stats, utils, lattice",NA,"Hmisc, MASS, SASmixed",NA,"GPL (>= 2)",NA,NA,NA,NA,"yes","4.2.2"
"nnet","nnet","/usr/lib/R/library","7.3-18","recommended","R (>= 3.0.0), stats, utils",NA,NA,"MASS",NA,"GPL-2 | GPL-3",NA,NA,NA,NA,"yes","4.2.1"
"parallel","parallel","/usr/lib/R/library","4.2.3","base",NA,"tools, compiler",NA,"methods","snow, nws, Rmpi","Part of R 4.2.3",NA,NA,NA,NA,"yes","4.2.3"
"rpart","rpart","/usr/lib/R/library","4.1.19","recommended","R (>= 2.15.0), graphics, stats, grDevices",NA,NA,"survival",NA,"GPL-2 | GPL-3",NA,NA,NA,NA,"yes","4.2.1"
"spatial","spatial","/usr/lib/R/library","7.3-11","recommended","R (>= 3.0.0), graphics, stats, utils",NA,NA,"MASS",NA,"GPL-2 | GPL-3",NA,NA,NA,NA,"yes","4.0.0"
"splines","splines","/usr/lib/R/library","4.2.3","base",NA,"graphics, stats",NA,"Matrix, methods",NA,"Part of R 4.2.3",NA,NA,NA,NA,"yes","4.2.3"
"stats","stats","/usr/lib/R/library","4.2.3","base",NA,"utils, grDevices, graphics",NA,"MASS, Matrix, SuppDists, methods, stats4",NA,"Part of R 4.2.3",NA,NA,NA,NA,"yes","4.2.3"
"stats4","stats4","/usr/lib/R/library","4.2.3","base",NA,"graphics, methods, stats",NA,NA,NA,"Part of R 4.2.3",NA,NA,NA,NA,NA,"4.2.3"
"survival","survival","/usr/lib/R/library","3.5-5","recommended","R (>= 3.5.0)","graphics, Matrix, methods, splines, stats, utils",NA,NA,NA,"LGPL (>= 2)",NA,NA,NA,NA,"yes","4.2.3"
"tcltk","tcltk","/usr/lib/R/library","4.2.3","base",NA,"utils",NA,NA,NA,"Part of R 4.2.3",NA,NA,NA,NA,"yes","4.2.3"
"tools","tools","/usr/lib/R/library","4.2.3","base",NA,NA,NA,"codetools, methods, xml2, curl, commonmark, knitr, xfun, mathjaxr",NA,"Part of R 4.2.3",NA,NA,NA,NA,"yes","4.2.3"
"utils","utils","/usr/lib/R/library","4.2.3","base",NA,NA,NA,"methods, xml2, commonmark, knitr",NA,"Part of R 4.2.3",NA,NA,NA,NA,"yes","4.2.3"
